/es/onetriparguello/administracion/estado-cuenta,107,78,00:07:27,17,"57,14 %","36,45 %","0,00 US$"
/es/onetriplasrosas/administracion/estado-cuenta,94,54,00:02:42,5,"0,00 %","22,34 %","0,00 US$"
/es/marielalonneturismo/administracion/estado-cuenta,79,63,00:05:57,9,"22,22 %","32,91 %","0,00 US$"
/es/babelcarlospaz/administracion/estado-cuenta,78,55,00:03:27,2,"50,00 %","35,90 %","0,00 US$"
/es/austerdmc/administracion/estado-cuenta,77,55,00:03:18,1,"0,00 %","27,27 %","0,00 US$"
/es/mooreatravel/administracion/estado-cuenta,76,60,00:03:52,7,"57,14 %","47,37 %","0,00 US$"
/es/delfos/administracion/estado-cuenta,68,46,00:00:58,4,"0,00 %","16,18 %","0,00 US$"
/es/onetrip/administracion/estado-cuenta,68,47,00:03:07,1,"100,00 %","52,94 %","0,00 US$"
/es/himalayarioiv/administracion/estado-cuenta,67,44,00:05:40,1,"0,00 %","43,28 %","0,00 US$"
/es//administracion/estado-cuenta,66,63,00:04:16,5,"0,00 %","69,70 %","0,00 US$"
/es/oxalatravelgroup/administracion/estado-cuenta,64,59,00:02:15,2,"0,00 %","59,38 %","0,00 US$"
/es/onetripcarlospaz/administracion/estado-cuenta,57,47,00:05:38,8,"50,00 %","52,63 %","0,00 US$"
/es/ceiboviajes/administracion/estado-cuenta,50,39,00:00:48,1,"100,00 %","20,00 %","0,00 US$"
/es/cristinagalvanconsultoradeviajes/administracion/estado-cuenta,47,42,00:05:36,3,"66,67 %","70,21 %","0,00 US$"
/es/nelquihueviajes/administracion/estado-cuenta,46,34,00:03:29,1,"100,00 %","28,26 %","0,00 US$"
/es/quinterosviajes/administracion/estado-cuenta,45,40,00:03:05,3,"33,33 %","40,00 %","0,00 US$"
/es/rotarviajes/administracion/estado-cuenta,41,28,00:01:51,1,"0,00 %","36,59 %","0,00 US$"
/es/sunflower/administracion/estado-cuenta,41,24,00:02:07,4,"25,00 %","21,95 %","0,00 US$"
/es/batiaviajesyturismo/administracion/estado-cuenta,40,31,00:02:49,1,"0,00 %","52,50 %","0,00 US$"
/es/dipviajes/administracion/estado-cuenta,40,35,00:11:43,8,"71,43 %","37,50 %","0,00 US$"
/es/himalayacordillera/administracion/estado-cuenta,40,33,00:06:34,6,"60,00 %","47,50 %","0,00 US$"
/es/laspalmeras/administracion/estado-cuenta,40,35,00:06:41,2,"100,00 %","72,50 %","0,00 US$"
/es/borniegoviajesyturismoevt/administracion/estado-cuenta,38,23,00:02:01,3,"33,33 %","34,21 %","0,00 US$"
/es/cuscaruca/administracion/estado-cuenta,38,21,00:01:49,0,"0,00 %","36,84 %","0,00 US$"
/es/laalcarriaviajes/administracion/estado-cuenta,38,29,00:03:17,4,"0,00 %","21,05 %","0,00 US$"
/es/arvillamaria/administracion/estado-cuenta,37,28,00:01:53,1,"0,00 %","43,24 %","0,00 US$"
/es/pelossotravel/administracion/estado-cuenta,36,24,00:01:46,6,"50,00 %","41,67 %","0,00 US$"
/es/veronicareig/administracion/estado-cuenta,36,25,00:03:20,2,"50,00 %","13,89 %","0,00 US$"
/es/crdtravel/administracion/estado-cuenta,35,33,00:05:25,2,"100,00 %","54,29 %","0,00 US$"
/es/sofiaevelynhernandoturismointernacional/administracion/estado-cuenta,35,27,00:01:48,2,"0,00 %","37,14 %","0,00 US$"
/es/aterrizandosuenos/administracion/estado-cuenta,33,31,00:07:43,5,"0,00 %","36,36 %","0,00 US$"
/es/martineztravelgroup/administracion/estado-cuenta,33,24,00:03:59,2,"100,00 %","42,42 %","0,00 US$"
/es/fpasesoramientosturisticossrl/administracion/estado-cuenta,31,26,00:03:28,1,"0,00 %","51,61 %","0,00 US$"
/es/tuyuviajes/administracion/estado-cuenta,31,21,00:05:29,0,"0,00 %","58,06 %","0,00 US$"
/es/minsk/administracion/estado-cuenta,30,23,00:01:46,1,"100,00 %","13,33 %","0,00 US$"
/es/amitieevt/administracion/estado-cuenta,29,21,00:00:38,0,"0,00 %","51,72 %","0,00 US$"
/es/circuitosviajesyturismo/administracion/estado-cuenta,29,15,00:00:21,1,"0,00 %","3,45 %","0,00 US$"
/es/expendertravel/administracion/estado-cuenta,29,24,00:06:10,0,"0,00 %","44,83 %","0,00 US$"
/es/guviajes/administracion/estado-cuenta,28,14,00:01:37,1,"0,00 %","3,57 %","0,00 US$"
/es/samsara/administracion/estado-cuenta,28,23,00:04:29,1,"100,00 %","57,14 %","0,00 US$"
/es/atamatoturismo/administracion/estado-cuenta,27,17,00:01:36,6,"50,00 %","25,93 %","0,00 US$"
/es/adsmundo/administracion/estado-cuenta,25,16,00:05:04,2,"0,00 %","32,00 %","0,00 US$"
/es/eilatsanlorenzo/administracion/estado-cuenta,25,22,00:04:29,0,"0,00 %","68,00 %","0,00 US$"
/es/expenderviajes/administracion/estado-cuenta,25,23,00:04:29,4,"33,33 %","40,00 %","0,00 US$"
/es/gollua/administracion/estado-cuenta,25,20,00:03:26,0,"0,00 %","56,00 %","0,00 US$"
/es/norma/administracion/estado-cuenta,25,24,00:07:35,0,"0,00 %","88,00 %","0,00 US$"
/es/sawayturismo/administracion/estado-cuenta,25,16,00:01:14,2,"50,00 %","28,00 %","0,00 US$"
/es/himalayaviajescordoba/administracion/estado-cuenta,24,21,00:04:56,1,"100,00 %","75,00 %","0,00 US$"
/es/imviajes/administracion/estado-cuenta,24,19,00:02:11,0,"0,00 %","37,50 %","0,00 US$"
/es/loprestiviajes/administracion/estado-cuenta,24,21,00:01:04,0,"0,00 %","58,33 %","0,00 US$"
/es/amutmin/administracion/estado-cuenta,22,19,00:02:32,0,"0,00 %","45,45 %","0,00 US$"
/es/asocmutual9dejuliofreyre/administracion/estado-cuenta,22,16,00:11:25,0,"0,00 %","45,45 %","0,00 US$"
/es/mascarenas/administracion/estado-cuenta,22,13,00:01:12,0,"0,00 %","22,73 %","0,00 US$"
/es/ruteniaviajes/administracion/estado-cuenta,22,16,00:04:50,1,"0,00 %","40,91 %","0,00 US$"
/es/yaztravelargentina/administracion/estado-cuenta,22,13,00:03:20,2,"0,00 %","27,27 %","0,00 US$"
/es/elephastravel/administracion/estado-cuenta,21,18,00:02:41,0,"0,00 %","38,10 %","0,00 US$"
/es/perazolotur/administracion/estado-cuenta,21,9,00:02:32,0,"0,00 %","38,10 %","0,00 US$"
/es/ricautraveltourempresadeviajes/administracion/estado-cuenta,21,13,00:03:19,6,"40,00 %","28,57 %","0,00 US$"
/es/viajelisto/administracion/estado-cuenta,21,21,00:10:00,1,"0,00 %","61,90 %","0,00 US$"
/es/argentur/administracion/estado-cuenta,20,19,00:07:28,1,"100,00 %","65,00 %","0,00 US$"
/es/vuelevueleonline/administracion/estado-cuenta,20,18,00:01:52,0,"0,00 %","75,00 %","0,00 US$"
/es/alconviajes/administracion/estado-cuenta,19,14,00:02:16,0,"0,00 %","52,63 %","0,00 US$"
/es/benzaquenviajesyturismo/administracion/estado-cuenta,19,16,00:04:55,4,"75,00 %","57,89 %","0,00 US$"
/es/charataviajesyturismo/administracion/estado-cuenta,19,14,00:01:50,3,"66,67 %","26,32 %","0,00 US$"
/es/ecotur/administracion/estado-cuenta,19,15,00:06:11,3,"100,00 %","52,63 %","0,00 US$"
/es/gafamel/administracion/estado-cuenta,19,15,00:12:01,1,"0,00 %","63,16 %","0,00 US$"
/es/quimeratravelgroup/administracion/estado-cuenta,19,17,00:00:38,0,"0,00 %","68,42 %","0,00 US$"
/es/zanellatoviajes/administracion/estado-cuenta,19,6,00:02:24,0,"0,00 %","10,53 %","0,00 US$"
/es/patagoniasouthboundsa/administracion/estado-cuenta,18,8,00:00:32,0,"0,00 %","5,56 %","0,00 US$"
/es/safari/administracion/estado-cuenta,18,16,00:10:52,0,"0,00 %","72,22 %","0,00 US$"
/es/SelvaExtrema/administracion/estado-cuenta,18,13,00:00:57,1,"100,00 %","11,11 %","0,00 US$"
/es/skyline/administracion/estado-cuenta,18,15,00:05:00,0,"0,00 %","44,44 %","0,00 US$"
/es/viajesalona/administracion/estado-cuenta,18,14,00:03:54,3,"66,67 %","55,56 %","0,00 US$"
/es/collage/administracion/estado-cuenta,17,15,00:09:02,0,"0,00 %","52,94 %","0,00 US$"
/es/comdetursareconquista/administracion/estado-cuenta,17,15,00:03:06,0,"0,00 %","47,06 %","0,00 US$"
/es/cosmopolitan/administracion/estado-cuenta,17,11,00:00:45,0,"0,00 %","23,53 %","0,00 US$"
/es/paralelo54/administracion/estado-cuenta,17,13,00:01:00,1,"0,00 %","17,65 %","0,00 US$"
/es/turismoraysspa/administracion/estado-cuenta,17,9,00:01:14,5,"0,00 %","11,76 %","0,00 US$"
/es/viajesschneider/administracion/estado-cuenta,17,7,00:00:39,1,"0,00 %","5,88 %","0,00 US$"
/es/zanierturismo/administracion/estado-cuenta,17,13,00:00:54,0,"0,00 %","17,65 %","0,00 US$"
/es/zeruanviajes/administracion/estado-cuenta,17,15,00:00:14,0,"0,00 %","52,94 %","0,00 US$"
/es/lamastour/administracion/estado-cuenta,16,10,00:00:28,1,"0,00 %","0,00 %","0,00 US$"
/es/travelwise/administracion/estado-cuenta,16,15,00:01:20,0,"0,00 %","75,00 %","0,00 US$"
/es/correntur/administracion/estado-cuenta,15,11,00:01:56,0,"0,00 %","60,00 %","0,00 US$"
/es/toulouseviajes/administracion/estado-cuenta,15,3,00:00:08,0,"0,00 %","0,00 %","0,00 US$"
/es/turismomazza/administracion/estado-cuenta,15,10,00:00:14,0,"0,00 %","6,67 %","0,00 US$"
/es/atypicaviajes/administracion/estado-cuenta,14,7,00:00:26,0,"0,00 %","21,43 %","0,00 US$"
/es/caofranquiciadeonetrip/administracion/estado-cuenta,14,12,00:03:38,0,"0,00 %","57,14 %","0,00 US$"
/es/KaizenViajes/administracion/estado-cuenta,14,11,00:04:19,1,"0,00 %","28,57 %","0,00 US$"
/es/lasrosastravel/administracion/estado-cuenta,14,10,00:00:56,1,"0,00 %","57,14 %","0,00 US$"
/es/tramuntana/administracion/estado-cuenta,14,11,00:05:42,2,"0,00 %","28,57 %","0,00 US$"
/es/vuala/administracion/estado-cuenta,14,12,00:06:47,4,"100,00 %","64,29 %","0,00 US$"
/es/agapeturismo/administracion/estado-cuenta,13,13,00:01:19,1,"0,00 %","0,00 %","0,00 US$"
/es/battiatotravel/administracion/estado-cuenta,13,8,00:00:20,0,"0,00 %","7,69 %","0,00 US$"
/es/calipsoviajes/administracion/estado-cuenta,13,9,00:00:29,0,"0,00 %","30,77 %","0,00 US$"
/es/gramitour/administracion/estado-cuenta,13,11,00:03:23,1,"0,00 %","15,38 %","0,00 US$"
/es/travellab/administracion/estado-cuenta,13,10,00:02:15,0,"0,00 %","46,15 %","0,00 US$"
/es/aitanaviajes/administracion/estado-cuenta,12,9,00:04:47,1,"100,00 %","33,33 %","0,00 US$"
/es/comdetur/administracion/estado-cuenta,12,11,00:07:14,1,"0,00 %","75,00 %","0,00 US$"
/es/criscionetoursandtravel/administracion/estado-cuenta,12,11,00:03:19,3,"66,67 %","41,67 %","0,00 US$"
/es/lucianosantillanfranquiciadelozadaviajes/administracion/estado-cuenta,12,5,00:00:19,0,"0,00 %","8,33 %","0,00 US$"
/es/outletdeviajes/administracion/estado-cuenta,12,11,00:00:17,1,"0,00 %","16,67 %","0,00 US$"
/es/pabloripoloni/administracion/estado-cuenta,12,5,00:03:12,0,"0,00 %","16,67 %","0,00 US$"
/es/puntoarviajesyturismo/administracion/estado-cuenta,12,7,00:00:20,1,"0,00 %","8,33 %","0,00 US$"
/es/turismobacur/administracion/estado-cuenta,12,8,00:09:54,0,"0,00 %","66,67 %","0,00 US$"
/es/arubaviajes/administracion/estado-cuenta,11,10,00:00:24,0,"0,00 %","9,09 %","0,00 US$"
/es/babelviaje/administracion/estado-cuenta,11,10,00:05:48,0,"0,00 %","54,55 %","0,00 US$"
/es/kafferevyt/administracion/estado-cuenta,11,8,00:00:41,0,"0,00 %","45,45 %","0,00 US$"
/es/luissanz/administracion/estado-cuenta,11,7,00:05:22,1,"100,00 %","36,36 %","0,00 US$"
/es/resistenciaturismo/administracion/estado-cuenta,11,10,00:03:03,1,"0,00 %","27,27 %","0,00 US$"
/es/yafardestinos/administracion/estado-cuenta,11,9,00:05:03,0,"0,00 %","54,55 %","0,00 US$"
/es/delagranitaliaviajes/administracion/estado-cuenta,10,9,00:00:48,0,"0,00 %","60,00 %","0,00 US$"
/es/elselloviajero/administracion/estado-cuenta,10,9,00:00:45,0,"0,00 %","20,00 %","0,00 US$"
/es/mobiusviajes/administracion/estado-cuenta,10,9,00:07:27,0,"0,00 %","60,00 %","0,00 US$"
/es/nanzerviajesyturismo/administracion/estado-cuenta,10,8,00:00:06,0,"0,00 %","0,00 %","0,00 US$"
/es/nicetomeetyou/administracion/estado-cuenta,10,8,00:02:43,0,"0,00 %","30,00 %","0,00 US$"
/es/othonviajes/administracion/estado-cuenta,10,7,00:00:08,0,"0,00 %","10,00 %","0,00 US$"
/es/sayonaratour/administracion/estado-cuenta,10,8,00:00:27,1,"0,00 %","30,00 %","0,00 US$"
/es/sesevi/administracion/estado-cuenta,10,3,00:00:08,0,"0,00 %","20,00 %","0,00 US$"
/es/surbrasiltoursparaisosonline/administracion/estado-cuenta,10,5,00:00:07,1,"0,00 %","0,00 %","0,00 US$"
/es/huelladeviaje/administracion/estado-cuenta,9,5,00:02:50,0,"0,00 %","44,44 %","0,00 US$"
/es/nexus/administracion/estado-cuenta,9,9,00:03:55,0,"0,00 %","55,56 %","0,00 US$"
/es/onetripurcacastrorimondino/administracion/estado-cuenta,9,4,00:00:12,0,"0,00 %","0,00 %","0,00 US$"
/es/rominapepeconsultoradeviajes/administracion/estado-cuenta,9,9,00:05:29,1,"0,00 %","66,67 %","0,00 US$"
/es/siurviajes/administracion/estado-cuenta,9,5,00:00:37,0,"0,00 %","0,00 %","0,00 US$"
/es/aereosanabria/administracion/estado-cuenta,8,6,00:08:43,3,"200,00 %","50,00 %","0,00 US$"
/es/algarroboviajesyturismo/administracion/estado-cuenta,8,7,00:03:59,1,"100,00 %","62,50 %","0,00 US$"
/es/betelturismo/administracion/estado-cuenta,8,6,00:00:50,1,"0,00 %","25,00 %","0,00 US$"
/es/carsosviajesyturismo/administracion/estado-cuenta,8,3,00:00:32,0,"0,00 %","0,00 %","0,00 US$"
/es/josefinatravel/administracion/estado-cuenta,8,7,00:03:35,3,"0,00 %","37,50 %","0,00 US$"
/es/jujuyviajesyturismoevt/administracion/estado-cuenta,8,2,00:00:47,1,"0,00 %","0,00 %","0,00 US$"
/es/laquintaviajes/administracion/estado-cuenta,8,7,00:00:26,0,"0,00 %","12,50 %","0,00 US$"
/es/laspalmeras/administracion/estado-cuenta?tipo=productos,8,7,00:06:09,3,"66,67 %","37,50 %","0,00 US$"
/es/newbiztravel/administracion/estado-cuenta,8,7,00:00:57,1,"0,00 %","0,00 %","0,00 US$"
/es/obrasocialdocentesprivados/administracion/estado-cuenta,8,5,00:03:30,0,"0,00 %","0,00 %","0,00 US$"
/es/planettravel/administracion/estado-cuenta,8,7,00:01:25,2,"0,00 %","12,50 %","0,00 US$"
/es/soltravel/administracion/estado-cuenta,8,7,00:02:21,3,"200,00 %","87,50 %","0,00 US$"
/es/tellevoviajes/administracion/estado-cuenta,8,7,00:04:23,0,"0,00 %","37,50 %","0,00 US$"
/es/travelfresh/administracion/estado-cuenta,8,7,00:04:45,1,"0,00 %","62,50 %","0,00 US$"
/es/verxelviajes/administracion/estado-cuenta,8,5,00:01:44,2,"50,00 %","12,50 %","0,00 US$"
/es/viaromaviajes/administracion/estado-cuenta,8,7,00:12:29,0,"0,00 %","25,00 %","0,00 US$"
/es/zonadepartida/administracion/estado-cuenta,8,8,00:02:31,2,"0,00 %","37,50 %","0,00 US$"
/es/amarnaviajes/administracion/estado-cuenta,7,6,00:01:00,0,"0,00 %","14,29 %","0,00 US$"
/es/ambarviajes/administracion/estado-cuenta,7,3,00:00:28,0,"0,00 %","14,29 %","0,00 US$"
/es/carlettomathusviajesyturismo/administracion/estado-cuenta,7,6,00:00:31,1,"100,00 %","42,86 %","0,00 US$"
/es/claseturista/administracion/estado-cuenta,7,5,00:00:12,0,"0,00 %","57,14 %","0,00 US$"
/es/fidemviajes/administracion/estado-cuenta,7,5,00:00:16,0,"0,00 %","0,00 %","0,00 US$"
/es/geomundos/administracion/estado-cuenta,7,7,00:08:38,2,"0,00 %","42,86 %","0,00 US$"
/es/gustavovidart/administracion/estado-cuenta,7,7,00:00:13,0,"0,00 %","14,29 %","0,00 US$"
/es/himalayaviajes/administracion/estado-cuenta,7,7,00:07:38,0,"0,00 %","71,43 %","0,00 US$"
/es/jpribentoviajesyturismo/administracion/estado-cuenta,7,3,00:00:25,2,"0,00 %","0,00 %","0,00 US$"
/es/kamchatkaviajesyturismo/administracion/estado-cuenta,7,7,00:00:14,1,"0,00 %","0,00 %","0,00 US$"
/es/malibuviajes/administracion/estado-cuenta,7,7,00:00:40,0,"0,00 %","42,86 %","0,00 US$"
/es/malma/administracion/estado-cuenta,7,6,00:04:47,0,"0,00 %","0,00 %","0,00 US$"
/es/nextstoptours/administracion/estado-cuenta,7,6,00:00:10,0,"0,00 %","14,29 %","0,00 US$"
/es/oliviatravel/administracion/estado-cuenta,7,6,00:00:25,0,"0,00 %","0,00 %","0,00 US$"
/es/reef/administracion/estado-cuenta,7,6,00:00:44,1,"100,00 %","71,43 %","0,00 US$"
/es/rispoli/administracion/estado-cuenta,7,6,00:01:31,0,"0,00 %","0,00 %","0,00 US$"
/es/rukalhueviajarporturismo/administracion/estado-cuenta,7,4,00:00:47,0,"0,00 %","0,00 %","0,00 US$"
/es/trinityviajes/administracion/estado-cuenta,7,2,00:00:24,0,"0,00 %","0,00 %","0,00 US$"
/es/turismocaupolican/administracion/estado-cuenta,7,6,00:03:12,1,"0,00 %","57,14 %","0,00 US$"
/es/turismoquiyen/administracion/estado-cuenta,7,7,00:00:13,0,"0,00 %","42,86 %","0,00 US$"
/es/vorano/administracion/estado-cuenta,7,6,00:01:24,0,"0,00 %","28,57 %","0,00 US$"
/es/vueleonlineclubdepolo/administracion/estado-cuenta,7,7,00:00:00,0,"0,00 %","100,00 %","0,00 US$"
/es/eurasiaviajes/administracion/estado-cuenta,6,5,00:00:54,0,"0,00 %","66,67 %","0,00 US$"
/es/floresviajesyturismo/administracion/estado-cuenta,6,4,00:01:03,0,"0,00 %","33,33 %","0,00 US$"
/es/guayku/administracion/estado-cuenta,6,5,00:00:09,1,"0,00 %","16,67 %","0,00 US$"
/es/hispaturviajesyturismo/administracion/estado-cuenta,6,2,00:00:16,0,"0,00 %","0,00 %","0,00 US$"
/es/indigotravel/administracion/estado-cuenta,6,3,00:00:42,0,"0,00 %","16,67 %","0,00 US$"
/es/losterrones/administracion/estado-cuenta,6,4,00:00:47,0,"0,00 %","0,00 %","0,00 US$"
/es/matersustentable/administracion/estado-cuenta,6,2,00:01:24,0,"0,00 %","16,67 %","0,00 US$"
/es/mcgviajesyturismo/administracion/estado-cuenta,6,5,00:01:21,0,"0,00 %","66,67 %","0,00 US$"
/es/melisamunoz/administracion/estado-cuenta,6,6,00:05:14,0,"0,00 %","50,00 %","0,00 US$"
/es/pleasuretours/administracion/estado-cuenta,6,5,00:00:09,0,"0,00 %","50,00 %","0,00 US$"
/es/quinterosviajes/administracion/estado-cuenta?tipo=productos,6,5,00:25:32,0,"0,00 %","83,33 %","0,00 US$"
/es/sbconsultora/administracion/estado-cuenta,6,4,00:03:35,2,"50,00 %","33,33 %","0,00 US$"
/es/seasonstours/administracion/estado-cuenta,6,3,00:00:24,0,"0,00 %","50,00 %","0,00 US$"
/es/boixaderafranqonetrip/administracion/estado-cuenta,5,5,00:02:07,1,"0,00 %","0,00 %","0,00 US$"
/es/ceilanviajes/administracion/estado-cuenta,5,3,00:02:29,0,"0,00 %","20,00 %","0,00 US$"
/es/esparta/administracion/estado-cuenta,5,2,00:01:08,0,"0,00 %","0,00 %","0,00 US$"
/es/globetrotters/administracion/estado-cuenta,5,4,00:04:14,0,"0,00 %","60,00 %","0,00 US$"
/es/grupomasempresa/administracion/estado-cuenta,5,5,00:00:10,0,"0,00 %","20,00 %","0,00 US$"
/es/gruporolsol/administracion/estado-cuenta,5,4,00:00:06,0,"0,00 %","40,00 %","0,00 US$"
/es/ibera/administracion/estado-cuenta,5,4,00:00:08,0,"0,00 %","40,00 %","0,00 US$"
/es/kilkenconsultoriadeturismo/administracion/estado-cuenta,5,2,00:00:12,0,"0,00 %","0,00 %","0,00 US$"
/es/latermini/administracion/estado-cuenta,5,5,00:00:43,0,"0,00 %","40,00 %","0,00 US$"
/es/mariluturismo/administracion/estado-cuenta,5,1,00:01:12,0,"0,00 %","0,00 %","0,00 US$"
/es/sartoripaisviajes/administracion/estado-cuenta,5,4,00:01:07,0,"0,00 %","80,00 %","0,00 US$"
/es/sevenstravel/administracion/estado-cuenta,5,3,00:03:42,0,"0,00 %","20,00 %","0,00 US$"
/es/sinecsa/administracion/estado-cuenta,5,4,00:04:00,0,"0,00 %","60,00 %","0,00 US$"
/es/talentoevt/administracion/estado-cuenta,5,2,00:01:44,1,"0,00 %","0,00 %","0,00 US$"
/es/TURISMOMUTUAL/administracion/estado-cuenta,5,3,00:00:19,0,"0,00 %","40,00 %","0,00 US$"
/es/zonahoraria/administracion/estado-cuenta,5,4,00:01:25,1,"0,00 %","20,00 %","0,00 US$"
/es/bonustrack/administracion/estado-cuenta,4,1,00:05:26,0,"0,00 %","25,00 %","0,00 US$"
/es/cultutravel/administracion/estado-cuenta,4,2,00:00:33,0,"0,00 %","50,00 %","0,00 US$"
/es/DANIELE&BREZZOVIAJES/administracion/estado-cuenta,4,3,00:00:17,0,"0,00 %","50,00 %","0,00 US$"
/es/gabrielapistek/administracion/estado-cuenta,4,4,00:05:41,0,"0,00 %","50,00 %","0,00 US$"
/es/guelcom/administracion/estado-cuenta,4,3,00:00:20,0,"0,00 %","0,00 %","0,00 US$"
/es/guizaviajes/administracion/estado-cuenta,4,3,00:00:21,0,"0,00 %","0,00 %","0,00 US$"
/es/himalayaviajessalta/administracion/estado-cuenta,4,4,00:00:09,0,"0,00 %","25,00 %","0,00 US$"
/es/hubelamviajes/administracion/estado-cuenta,4,3,00:03:39,0,"0,00 %","75,00 %","0,00 US$"
/es/julietabistaccoviajes/administracion/estado-cuenta,4,4,00:00:36,0,"0,00 %","75,00 %","0,00 US$"
/es/mioturismo/administracion/estado-cuenta?tipo=productos,4,1,00:01:11,0,"0,00 %","0,00 %","0,00 US$"
/es/morellaviajes/administracion/estado-cuenta,4,3,00:02:18,0,"0,00 %","25,00 %","0,00 US$"
/es/mutualfederada25dejunio/administracion/estado-cuenta,4,4,00:00:06,0,"0,00 %","0,00 %","0,00 US$"
/es/nikanttoursaoff/administracion/estado-cuenta,4,2,00:02:35,0,"0,00 %","0,00 %","0,00 US$"
/es/piguetours/administracion/estado-cuenta,4,3,00:01:26,0,"0,00 %","25,00 %","0,00 US$"
/es/policlinicomodelodecipolletti/administracion/estado-cuenta,4,4,00:00:07,0,"0,00 %","0,00 %","0,00 US$"
/es/pymviajes/administracion/estado-cuenta,4,4,00:00:08,0,"0,00 %","25,00 %","0,00 US$"
/es/renatasoledadalavrezmassara/administracion/estado-cuenta,4,4,00:00:07,0,"0,00 %","0,00 %","0,00 US$"
/es/sebastianviajes/administracion/estado-cuenta,4,4,00:00:11,0,"0,00 %","50,00 %","0,00 US$"
/es/siddarthaviajes/administracion/estado-cuenta,4,3,00:00:09,0,"0,00 %","0,00 %","0,00 US$"
/es/silmare/administracion/estado-cuenta,4,3,00:02:03,0,"0,00 %","25,00 %","0,00 US$"
/es/travelsupport/administracion/estado-cuenta,4,2,00:02:39,0,"0,00 %","25,00 %","0,00 US$"
/es/turcenviajes/administracion/estado-cuenta,4,2,00:00:14,0,"0,00 %","0,00 %","0,00 US$"
/es/turismovittorio/administracion/estado-cuenta,4,3,00:00:13,0,"0,00 %","0,00 %","0,00 US$"
/es/victoriagrunig/administracion/estado-cuenta,4,3,00:03:38,0,"0,00 %","25,00 %","0,00 US$"
/es/waymeaviajes/administracion/estado-cuenta,4,2,00:00:27,0,"0,00 %","0,00 %","0,00 US$"
/es/asociacionmutualredsolidaria/administracion/estado-cuenta,3,2,00:01:23,0,"0,00 %","0,00 %","0,00 US$"
/es/avallone/administracion/estado-cuenta,3,1,00:00:30,0,"0,00 %","0,00 %","0,00 US$"
/es/brooklynviajesyturismo/administracion/estado-cuenta,3,3,00:00:27,0,"0,00 %","0,00 %","0,00 US$"
/es/cambex/administracion/estado-cuenta,3,3,00:00:17,0,"0,00 %","66,67 %","0,00 US$"
/es/chelseatravel/administracion/estado-cuenta,3,2,00:16:13,0,"0,00 %","66,67 %","0,00 US$"
/es/citadelviajesevt/administracion/estado-cuenta,3,3,00:00:00,0,"0,00 %","100,00 %","0,00 US$"
/es/coloresdeargentina/administracion/estado-cuenta,3,2,00:00:04,0,"0,00 %","0,00 %","0,00 US$"
/es/delfos/administracion/estado-cuenta?tipo=productos,3,3,00:00:09,1,"0,00 %","33,33 %","0,00 US$"
/es/dubaiviajesgralpaz/administracion/estado-cuenta,3,3,00:15:02,0,"0,00 %","66,67 %","0,00 US$"
/es/eljesuita/administracion/estado-cuenta,3,2,00:08:34,0,"0,00 %","33,33 %","0,00 US$"
/es/galfras/administracion/estado-cuenta,3,3,00:00:19,0,"0,00 %","66,67 %","0,00 US$"
/es/garciaferrerfranquiciadelozadaviajes/administracion/estado-cuenta,3,3,00:17:37,0,"0,00 %","66,67 %","0,00 US$"
/es/guiadeviajesoperadordetur/administracion/estado-cuenta,3,2,00:03:53,0,"0,00 %","0,00 %","0,00 US$"
/es/halfcitytravel/administracion/estado-cuenta,3,3,00:00:04,0,"0,00 %","66,67 %","0,00 US$"
/es/herodiana/administracion/estado-cuenta,3,2,00:00:17,0,"0,00 %","0,00 %","0,00 US$"
/es/intercambiotour/administracion/estado-cuenta,3,2,00:01:18,0,"0,00 %","0,00 %","0,00 US$"
/es/juanpabloloconte/administracion/estado-cuenta,3,1,00:00:11,0,"0,00 %","0,00 %","0,00 US$"
/es/locasporlaaventura/administracion/estado-cuenta,3,2,00:00:07,0,"0,00 %","33,33 %","0,00 US$"
/es/lozadasolapizzi/administracion/estado-cuenta,3,3,00:00:12,0,"0,00 %","0,00 %","0,00 US$"
/es/lunaroja/administracion/estado-cuenta,3,2,00:00:27,0,"0,00 %","33,33 %","0,00 US$"
/es/malawi/administracion/estado-cuenta,3,3,00:00:05,0,"0,00 %","66,67 %","0,00 US$"
/es/margaritastuketurismo/administracion/estado-cuenta,3,2,00:05:37,0,"0,00 %","0,00 %","0,00 US$"
/es/nantestour/administracion/estado-cuenta,3,2,00:00:10,0,"0,00 %","0,00 %","0,00 US$"
/es/nikanttour/administracion/estado-cuenta,3,2,00:01:34,0,"0,00 %","0,00 %","0,00 US$"
/es/ohanaviajes/administracion/estado-cuenta,3,1,00:00:23,0,"0,00 %","33,33 %","0,00 US$"
/es/ortubiatravel/administracion/estado-cuenta,3,3,00:00:19,0,"0,00 %","0,00 %","0,00 US$"
/es/othonviajes/administracion/estado-cuenta?tipo=productos,3,3,00:00:07,0,"0,00 %","33,33 %","0,00 US$"
/es/poluxtravel/administracion/estado-cuenta,3,2,00:00:07,0,"0,00 %","0,00 %","0,00 US$"
/es/promosquevuelan/administracion/estado-cuenta,3,2,00:00:08,0,"0,00 %","66,67 %","0,00 US$"
/es/senesetravel/administracion/estado-cuenta,3,1,00:00:08,0,"0,00 %","0,00 %","0,00 US$"
/es/soypasajero/administracion/estado-cuenta,3,2,00:00:14,0,"0,00 %","0,00 %","0,00 US$"
/es/sportingclubmutualsocialde/administracion/estado-cuenta,3,1,00:02:54,0,"0,00 %","33,33 %","0,00 US$"
/es/tandilturviajesyturismo/administracion/estado-cuenta,3,3,00:00:18,0,"0,00 %","0,00 %","0,00 US$"
/es/tiara/administracion/estado-cuenta,3,3,00:00:13,0,"0,00 %","33,33 %","0,00 US$"
/es/wairatravel/administracion/estado-cuenta,3,3,00:00:07,0,"0,00 %","66,67 %","0,00 US$"
/es/aliarviajes/administracion/estado-cuenta,2,2,00:00:00,0,"0,00 %","100,00 %","0,00 US$"
/es/animatravel/administracion/estado-cuenta,2,2,00:00:32,0,"0,00 %","0,00 %","0,00 US$"
/es/antoniettiviajes/administracion/estado-cuenta,2,1,00:00:11,0,"0,00 %","50,00 %","0,00 US$"
/es/brissioco/administracion/estado-cuenta,2,1,00:01:18,0,"0,00 %","0,00 %","0,00 US$"
/es/cortravel/administracion/estado-cuenta,2,2,00:00:00,0,"0,00 %","100,00 %","0,00 US$"
/es/daviaviajesyturismo/administracion/estado-cuenta,2,1,00:03:25,0,"0,00 %","50,00 %","0,00 US$"
/es/dejeanviajesyturismo/administracion/estado-cuenta,2,2,00:00:00,0,"0,00 %","100,00 %","0,00 US$"
/es/elfaroviajes/administracion/estado-cuenta,2,1,00:00:03,0,"0,00 %","0,00 %","0,00 US$"
/es/ENTREMARES/administracion/estado-cuenta,2,2,00:00:03,0,"0,00 %","50,00 %","0,00 US$"
/es/essenya/administracion/estado-cuenta,2,2,00:00:02,0,"0,00 %","50,00 %","0,00 US$"
/es/friedrich/administracion/estado-cuenta,2,2,00:02:35,0,"0,00 %","0,00 %","0,00 US$"
/es/garzonviajesyturismo/administracion/estado-cuenta,2,2,00:00:00,0,"0,00 %","100,00 %","0,00 US$"
/es/geordaturismo/administracion/estado-cuenta,2,2,00:00:34,1,"100,00 %","50,00 %","0,00 US$"
/es/giardino/administracion/estado-cuenta,2,2,00:00:00,0,"0,00 %","100,00 %","0,00 US$"
/es/giselrodriguezviajes/administracion/estado-cuenta,2,1,00:00:09,0,"0,00 %","0,00 %","0,00 US$"
/es/gloria/administracion/estado-cuenta,2,1,00:00:31,0,"0,00 %","0,00 %","0,00 US$"
/es/gowgroupofwind/administracion/estado-cuenta,2,1,00:00:12,0,"0,00 %","0,00 %","0,00 US$"
/es/graciel/administracion/estado-cuenta,2,1,00:00:04,0,"0,00 %","0,00 %","0,00 US$"
/es/grupoypora/administracion/estado-cuenta,2,1,00:00:17,0,"0,00 %","50,00 %","0,00 US$"
/es/iconoviajes/administracion/estado-cuenta,2,1,00:00:28,0,"0,00 %","50,00 %","0,00 US$"
/es/KaizenViajes/administracion/estado-cuenta?tipo=productos,2,2,00:12:02,1,"0,00 %","50,00 %","0,00 US$"
/es/koraikenviajes/administracion/estado-cuenta,2,2,00:00:30,0,"0,00 %","0,00 %","0,00 US$"
/es/lifetrip/administracion/estado-cuenta,2,2,00:00:18,1,"0,00 %","0,00 %","0,00 US$"
/es/londontravelagency/administracion/estado-cuenta,2,1,00:00:13,0,"0,00 %","0,00 %","0,00 US$"
/es/manadaviajera/administracion/estado-cuenta,2,2,00:00:00,0,"0,00 %","100,00 %","0,00 US$"
/es/martineztravelgroup/administracion/estado-cuenta?tipo=productos,2,1,00:06:28,0,"0,00 %","0,00 %","0,00 US$"
/es/martur/administracion/estado-cuenta,2,2,00:02:02,0,"0,00 %","0,00 %","0,00 US$"
/es/matienzo/administracion/estado-cuenta,2,2,00:02:05,0,"0,00 %","0,00 %","0,00 US$"
/es/millantiviajes/administracion/estado-cuenta,2,2,00:00:23,0,"0,00 %","0,00 %","0,00 US$"
/es/mioturismo/administracion/estado-cuenta,2,2,00:00:16,0,"0,00 %","50,00 %","0,00 US$"
/es/musicalisimoviajes/administracion/estado-cuenta,2,2,00:03:31,0,"0,00 %","50,00 %","0,00 US$"
/es/okviajes/administracion/estado-cuenta,2,2,00:00:12,0,"0,00 %","50,00 %","0,00 US$"
/es/oniriaserviciosturisticos/administracion/estado-cuenta?tipo=productos,2,2,00:12:46,0,"0,00 %","50,00 %","0,00 US$"
/es/ontimeviajes/administracion/estado-cuenta,2,2,00:11:07,0,"0,00 %","0,00 %","0,00 US$"
/es/pasajesscouts/administracion/estado-cuenta,2,2,00:00:43,0,"0,00 %","0,00 %","0,00 US$"
/es/paulviajes/administracion/estado-cuenta?tipo=productos,2,1,00:00:48,0,"0,00 %","50,00 %","0,00 US$"
/es/plustraveluy/administracion/estado-cuenta,2,1,00:01:04,0,"0,00 %","0,00 %","0,00 US$"
/es/sainttropez/administracion/estado-cuenta,2,2,00:00:59,0,"0,00 %","0,00 %","0,00 US$"
/es/sanluistravel/administracion/estado-cuenta,2,2,00:00:11,0,"0,00 %","0,00 %","0,00 US$"
/es/sindicatoregionaldeluzyfuerza/administracion/estado-cuenta,2,2,00:00:21,0,"0,00 %","50,00 %","0,00 US$"
/es/sinfronterasviajes/administracion/estado-cuenta,2,2,00:00:00,0,"0,00 %","100,00 %","0,00 US$"
/es/tahiti/administracion/estado-cuenta,2,1,00:00:58,0,"0,00 %","0,00 %","0,00 US$"
/es/tibaldiway/administracion/estado-cuenta?tipo=productos,2,1,00:00:15,0,"0,00 %","0,00 %","0,00 US$"
/es/tierrasygentes/administracion/estado-cuenta,2,1,00:04:59,0,"0,00 %","0,00 %","0,00 US$"
/es/tikva/administracion/estado-cuenta,2,1,00:00:49,0,"0,00 %","50,00 %","0,00 US$"
/es/travelsolutions/administracion/estado-cuenta,2,2,00:00:17,0,"0,00 %","0,00 %","0,00 US$"
/es/turismoestaciondelsol/administracion/estado-cuenta,2,1,00:00:21,0,"0,00 %","0,00 %","0,00 US$"
/es/tuviajeclick/administracion/estado-cuenta,2,2,00:00:10,0,"0,00 %","50,00 %","0,00 US$"
/es/velascoyasociados/administracion/estado-cuenta,2,2,00:09:24,0,"0,00 %","0,00 %","0,00 US$"
/es/yaztravelargentina/administracion/estado-cuenta?tipo=productos,2,1,00:00:57,0,"0,00 %","0,00 %","0,00 US$"
/es/yolandaliveratour/administracion/estado-cuenta,2,2,00:01:39,0,"0,00 %","0,00 %","0,00 US$"
/es/27grados/administracion/estado-cuenta,1,1,00:00:00,0,"0,00 %","100,00 %","0,00 US$"
/es/agadezviajes/administracion/estado-cuenta,1,1,00:00:00,0,"0,00 %","100,00 %","0,00 US$"
/es/alihuenturismo/administracion/estado-cuenta,1,1,00:00:25,0,"0,00 %","0,00 %","0,00 US$"
/es/allyouneedtravel/administracion/estado-cuenta,1,1,00:00:12,0,"0,00 %","0,00 %","0,00 US$"
/es/amazeviajes/administracion/estado-cuenta,1,1,00:00:07,0,"0,00 %","0,00 %","0,00 US$"
/es/atsanjosedemetan/administracion/estado-cuenta,1,1,00:00:00,0,"0,00 %","100,00 %","0,00 US$"
/es/austerdmc/administracion/estado-cuenta?tipo=productos,1,1,00:00:27,0,"0,00 %","0,00 %","0,00 US$"
/es/babelviajesvicentelopez/administracion/estado-cuenta,1,1,00:00:00,0,"0,00 %","100,00 %","0,00 US$"
/es/babiloniaviajesyturismo/administracion/estado-cuenta,1,1,00:00:18,0,"0,00 %","0,00 %","0,00 US$"
/es/balearesviajesyturismo/administracion/estado-cuenta,1,1,00:00:34,0,"0,00 %","0,00 %","0,00 US$"
/es/barcelonatour/administracion/estado-cuenta,1,1,00:00:04,0,"0,00 %","0,00 %","0,00 US$"
/es/beatrizcabrera/administracion/estado-cuenta,1,1,00:00:00,0,"0,00 %","100,00 %","0,00 US$"
/es/bodegadeviajes/administracion/estado-cuenta,1,1,00:00:07,0,"0,00 %","0,00 %","0,00 US$"
/es/calamuchitaviajes/administracion/estado-cuenta,1,1,00:00:11,0,"0,00 %","0,00 %","0,00 US$"
/es/comdetursacorrientes/administracion/estado-cuenta,1,1,00:07:38,0,"0,00 %","0,00 %","0,00 US$"
/es/criscionetoursandtravel/administracion/estado-cuenta?tipo=productos,1,1,00:00:00,1,"100,00 %","100,00 %","0,00 US$"
/es/croisviajes/administracion/estado-cuenta,1,1,00:00:00,0,"0,00 %","100,00 %","0,00 US$"
/es/delagranitaliaviajes/administracion/estado-cuenta?tipo=productos,1,1,00:00:07,0,"0,00 %","0,00 %","0,00 US$"
/es/delfost/administracion/estado-cuenta,1,1,00:00:16,0,"0,00 %","0,00 %","0,00 US$"
/es/edamtravel/administracion/estado-cuenta,1,1,00:00:00,0,"0,00 %","100,00 %","0,00 US$"
/es/eduardopezzati/administracion/estado-cuenta,1,1,00:00:02,0,"0,00 %","0,00 %","0,00 US$"
/es/eltucutucuviajesyturismo/administracion/estado-cuenta,1,1,00:00:00,0,"0,00 %","100,00 %","0,00 US$"
/es/EmprenderViajes/administracion/estado-cuenta,1,1,00:00:27,0,"0,00 %","0,00 %","0,00 US$"
/es/enelaire/administracion/estado-cuenta,1,1,00:00:06,0,"0,00 %","0,00 %","0,00 US$"
/es/extremosur/administracion/estado-cuenta,1,1,00:00:07,0,"0,00 %","0,00 %","0,00 US$"
/es/gabinaturismo/administracion/estado-cuenta,1,1,00:01:11,0,"0,00 %","0,00 %","0,00 US$"
/es/galanteviajenegocios/administracion/estado-cuenta,1,1,00:00:14,0,"0,00 %","0,00 %","0,00 US$"
/es/ganeshaviajes/administracion/estado-cuenta,1,1,00:00:09,0,"0,00 %","0,00 %","0,00 US$"
/es/guadiviajes/administracion/estado-cuenta,1,1,00:00:11,0,"0,00 %","0,00 %","0,00 US$"
/es/himalayacordillera/administracion/estado-cuenta?tipo=productos,1,1,00:00:00,1,"100,00 %","100,00 %","0,00 US$"
/es/himalayaviajes/administracion/estado-cuenta?tipo=productos,1,1,00:00:00,0,"0,00 %","100,00 %","0,00 US$"
/es/ichimayeturismointernacional/administracion/estado-cuenta,1,1,00:00:04,0,"0,00 %","0,00 %","0,00 US$"
/es/izabaviajesyturismo/administracion/estado-cuenta,1,1,00:00:00,0,"0,00 %","100,00 %","0,00 US$"
/es/JavierDestinosTuristicos/administracion/estado-cuenta,1,1,00:16:11,0,"0,00 %","0,00 %","0,00 US$"
/es/lajuntur/administracion/estado-cuenta,1,1,00:00:16,0,"0,00 %","0,00 %","0,00 US$"
/es/lajuntur/administracion/estado-cuenta?tipo=productos,1,1,00:00:53,0,"0,00 %","0,00 %","0,00 US$"
/es/likeit/administracion/estado-cuenta,1,1,00:01:51,0,"0,00 %","0,00 %","0,00 US$"
/es/lilianadelrioempresadevia/administracion/estado-cuenta,1,1,00:00:00,0,"0,00 %","100,00 %","0,00 US$"
/es/lilianaspinaviajes/administracion/estado-cuenta,1,1,00:06:24,0,"0,00 %","0,00 %","0,00 US$"
/es/LIVIGNOVIAJES/administracion/estado-cuenta,1,1,00:00:07,0,"0,00 %","0,00 %","0,00 US$"
/es/lomejor/administracion/estado-cuenta,1,1,00:00:00,0,"0,00 %","100,00 %","0,00 US$"
/es/maitreya/administracion/estado-cuenta,1,1,00:00:17,0,"0,00 %","0,00 %","0,00 US$"
/es/maranclaviajes/administracion/estado-cuenta,1,1,00:00:58,0,"0,00 %","0,00 %","0,00 US$"
/es/mariaymaria/administracion/estado-cuenta,1,1,00:00:00,0,"0,00 %","100,00 %","0,00 US$"
/es/marimari/administracion/estado-cuenta,1,1,00:00:12,0,"0,00 %","0,00 %","0,00 US$"
/es/melipal/administracion/estado-cuenta,1,1,00:02:33,0,"0,00 %","0,00 %","0,00 US$"
/es/mitrebusviajesyturismo/administracion/estado-cuenta,1,1,00:00:22,0,"0,00 %","0,00 %","0,00 US$"
/es/mondeviajes/administracion/estado-cuenta,1,1,00:15:48,0,"0,00 %","0,00 %","0,00 US$"
/es/monicacracognaviajes/administracion/estado-cuenta,1,1,00:00:09,0,"0,00 %","0,00 %","0,00 US$"
/es/montecelio/administracion/estado-cuenta,1,1,00:08:47,0,"0,00 %","0,00 %","0,00 US$"
/es/muv/administracion/estado-cuenta,1,1,00:00:05,0,"0,00 %","0,00 %","0,00 US$"
/es/norma/administracion/estado-cuenta?tipo=productos,1,1,00:00:00,1,"100,00 %","100,00 %","0,00 US$"
/es/novovento/administracion/estado-cuenta,1,1,00:00:11,0,"0,00 %","0,00 %","0,00 US$"
/es/orembaeviajesyturismo/administracion/estado-cuenta,1,1,00:00:00,0,"0,00 %","100,00 %","0,00 US$"
/es/pelossotravel/administracion/estado-cuenta?tipo=productos,1,1,00:00:00,1,"100,00 %","100,00 %","0,00 US$"
/es/peninsular/administracion/estado-cuenta,1,1,00:00:00,0,"0,00 %","100,00 %","0,00 US$"
/es/pikiu/administracion/estado-cuenta,1,1,00:00:00,0,"0,00 %","100,00 %","0,00 US$"
/es/rafatur/administracion/estado-cuenta,1,1,00:00:05,0,"0,00 %","0,00 %","0,00 US$"
/es/senesetravel/administracion/estado-cuenta?tipo=productos,1,1,00:00:00,0,"0,00 %","100,00 %","0,00 US$"
/es/serendipia/administracion/estado-cuenta,1,1,00:00:05,0,"0,00 %","0,00 %","0,00 US$"
/es/shambhalaturismo/administracion/estado-cuenta,1,1,00:00:06,0,"0,00 %","0,00 %","0,00 US$"
/es/shining/administracion/estado-cuenta,1,1,00:00:04,0,"0,00 %","0,00 %","0,00 US$"
/es/swanturismo/administracion/estado-cuenta,1,1,00:00:00,0,"0,00 %","100,00 %","0,00 US$"
/es/targetgroup/administracion/estado-cuenta,1,1,00:00:00,0,"0,00 %","100,00 %","0,00 US$"
/es/tierrasonadaviajes/administracion/estado-cuenta,1,1,00:04:28,0,"0,00 %","0,00 %","0,00 US$"
/es/turismoceferino/administracion/estado-cuenta,1,1,00:01:03,0,"0,00 %","0,00 %","0,00 US$"
/es/turismolatino/administracion/estado-cuenta,1,1,00:00:10,0,"0,00 %","0,00 %","0,00 US$"
/es/turmalina/administracion/estado-cuenta,1,1,00:17:51,0,"0,00 %","0,00 %","0,00 US$"
/es/unicornioviajes/administracion/estado-cuenta,1,1,00:00:00,0,"0,00 %","100,00 %","0,00 US$"
/es/vablaturismo/administracion/estado-cuenta,1,1,00:01:00,0,"0,00 %","0,00 %","0,00 US$"
/es/viajesschneider/administracion/estado-cuenta?tipo=productos,1,1,00:00:16,0,"0,00 %","0,00 %","0,00 US$"
/es/viajesyviajes/administracion/estado-cuenta,1,1,00:00:30,0,"0,00 %","0,00 %","0,00 US$"
/es/viamaris/administracion/estado-cuenta,1,1,00:00:00,0,"0,00 %","100,00 %","0,00 US$"
/es/VINEAVIAJES/administracion/estado-cuenta,1,1,00:00:16,0,"0,00 %","0,00 %","0,00 US$"
/es/virginiaruiturismo/administracion/estado-cuenta,1,1,00:00:04,0,"0,00 %","0,00 %","0,00 US$"
/es/xaluca/administracion/estado-cuenta,1,1,00:00:00,0,"0,00 %","100,00 %","0,00 US$"
/es/zafiroviajes/administracion/estado-cuenta,1,1,00:00:00,0,"0,00 %","100,00 %","0,00 US$"
/es/zepelintours/administracion/estado-cuenta,1,1,00:01:15,0,"0,00 %","0,00 %","0,00 US$"
/es/zoluviajes/administracion/estado-cuenta,1,1,00:00:22,0,"0,00 %","0,00 %","0,00 US$"
,4.124,3.114,00:02:55,240,"43,43 %","37,08 %","0,00 US$"

Índice de día,Número de visitas a páginas
1/12/20,158
2/12/20,132
3/12/20,139
4/12/20,128
5/12/20,26
6/12/20,6
7/12/20,17
8/12/20,20
9/12/20,207
10/12/20,163
11/12/20,161
12/12/20,24
13/12/20,5
14/12/20,157
15/12/20,130
16/12/20,132
17/12/20,119
18/12/20,128
19/12/20,18
20/12/20,12
21/12/20,174
22/12/20,186
23/12/20,186
24/12/20,32
25/12/20,6
26/12/20,18
27/12/20,11
28/12/20,222
29/12/20,154
30/12/20,200
31/12/20,98
1/1/21,2
2/1/21,18
3/1/21,11
4/1/21,148
5/1/21,110
6/1/21,100
7/1/21,110
8/1/21,91
9/1/21,18
10/1/21,3
11/1/21,86
12/1/21,96
13/1/21,78
14/1/21,84
,4.124
