delfos,hoteles,resultados,5796,0,miami-fl-estados-unidos,12-04-2021,22-04-2021
lifetrip,hoteles,resultados,7200,0,playa-del-carmenriviera-maya-mexico,01-01-2021,07-01-2021
onetrip,hoteles,resultados,2577,0,el-calafate-argentina,06-03-2021,09-03-2021
pounamuviajes,hoteles,resultados,8088,0,san-andres-island-colombia,24-07-2021,31-07-2021
pounamuviajes,hoteles,resultados,1612,0,cartagena-colombia,21-07-2021,24-07-2021
zeruanviajes,hoteles,resultados,5810,0,milan-italia,04-09-2021,05-09-2021
dipviajes,hoteles,resultados,6305,0,natal-brasil,11-01-2021,19-01-2021
lifetrip,hoteles,resultados,1537,0,cancuncosta-mujeres-mexico,07-01-2021,12-01-2021
onetriplasrosas,hoteles,resultados,7753,0,rio-de-janeiro-brasil,30-12-2020,04-01-2021
amitieevt,hoteles,resultados,2856,0,florianopolis-brasil,05-01-2021,06-01-2021
atsanjosedemetan,hoteles,resultados,10350,0,porto-de-galinhas-brasil,19-01-2021,26-01-2021
austerdmc,hoteles,resultados,7200,0,playa-del-carmenriviera-maya-mexico,25-01-2021,01-02-2021
delfos,hoteles,resultados,9698,0,varadero-cuba,09-01-2021,16-01-2021
onetriplasrosas,hoteles,resultados,1537,0,cancuncosta-mujeres-mexico,19-05-2022,26-05-2022
quinterosviajes,hoteles,resultados,7753,0,rio-de-janeiro-brasil,17-12-2020,23-12-2020
delfos,hoteles,resultados,3800,0,iguazu-argentina,18-05-2021,23-05-2021
delfos,productos,detalle,32787,salta-clasico,tipo,productos,5
ecotur,hoteles,resultados,6792,0,orlando-estados-unidos,27-12-2020,02-01-2021
onetripurcacastrorimondino,hoteles,resultados,8100,0,san-carlos-de-bariloche-argentina,04-04-2021,08-04-2021
onetripurcacastrorimondino,productos,detalle,32807,bariloche-clasico,tipo,productos,5
argentur,hoteles,resultados,1537,0,cancuncosta-mujeres-mexico,08-08-2021,15-08-2021
ceiboviajes,hoteles,resultados,7355,0,porto-seguro-brasil,21-02-2021,28-02-2021
ceiboviajes,hoteles,resultados,7493,0,punta-cana-republica-dominicana,14-04-2021,21-04-2021
comdetur,hoteles,resultados,7493,0,punta-cana-republica-dominicana,18-01-2021,25-01-2021
delfos,hoteles,resultados,10342,0,akumal-mexico,21-01-2021,25-01-2021
delfos,hoteles,resultados,10346,0,bayahibe-republica-dominicana,16-05-2021,22-05-2021
delfos,hoteles,resultados,1537,0,cancuncosta-mujeres-mexico,01-02-2021,07-02-2021
delfos,hoteles,resultados,1537,0,cancuncosta-mujeres-mexico,13-08-2021,20-08-2021
delfos,hoteles,resultados,1537,0,cancuncosta-mujeres-mexico,31-01-2021,06-02-2021
delfos,hoteles,resultados,5796,0,miami-fl-estados-unidos,17-03-2021,23-03-2021
delfos,hoteles,resultados,7200,0,playa-del-carmenriviera-maya-mexico,05-05-2021,12-05-2021
delfos,hoteles,resultados,7200,0,playa-del-carmenriviera-maya-mexico,14-01-2021,21-01-2021
delfos,hoteles,resultados,7200,0,playa-del-carmenriviera-maya-mexico,23-01-2021,30-01-2021
globetrotters,hoteles,resultados,5792,0,mexico-city-mexico-df-mexico,08-01-2021,13-01-2021
himalayarioiv,hoteles,resultados,7493,0,punta-cana-republica-dominicana,21-12-2020,30-12-2020
himalayarioiv,hoteles,resultados,7753,0,rio-de-janeiro-brasil,15-10-2021,19-10-2021
mondeviajes,hoteles,resultados,6792,0,orlando-estados-unidos,11-07-2021,15-07-2021
onetripfuerzaaerea,hoteles,resultados,7200,0,playa-del-carmenriviera-maya-mexico,02-03-2021,17-03-2021
onetriplasrosas,hoteles,resultados,1537,0,cancuncosta-mujeres-mexico,19-05-2022,26-05-2022
turismoraysspa,hoteles,resultados,6792,0,orlando-estados-unidos,10-02-2021,15-02-2021
turismouniversal,hoteles,resultados,10350,0,porto-de-galinhas-brasil,02-02-2021,09-02-2021
turismouniversal,hoteles,resultados,10387,0,costa-do-sauipe-brasil,08-02-2021,15-02-2021
turismouniversal,hoteles,resultados,10393,0,guarajuba-brasil,02-06-2021,09-06-2021
turismouniversal,hoteles,resultados,1441,0,buzios-brasil,02-02-2021,09-02-2021
xaluca,hoteles,resultados,5796,0,miami-fl-estados-unidos,10-03-2021,13-03-2021
zonadepartida,hoteles,resultados,7200,0,playa-del-carmenriviera-maya-mexico,11-01-2021,23-01-2021
amitieevt,hoteles,resultados,2856,0,florianopolis-brasil,05-01-2021,06-01-2021
amitieevt,hoteles,resultados,3272,0,grand-bahama-bahamas,30-12-2020,08-01-2021
amitieevt,hoteles,resultados,6302,0,nassau-bahamas,30-12-2020,08-01-2021
atsanjosedemetan,productos,detalle,307,porto-de-galinhas,tipo,productos,3
atsanjosedemetan,productos,detalle,32280,circuito-fantasia-de-mar,tipo,productos,3
babelcarlospaz,hoteles,resultados,5323,0,maceio-brasil,28-03-2021,07-04-2021
babelcarlospaz,hoteles,resultados,9698,0,varadero-cuba,15-04-2021,23-04-2021
ceiboviajes,hoteles,resultados,7493,0,punta-cana-republica-dominicana,09-09-2021,16-09-2021
delfos,hoteles,resultados,1537,0,cancuncosta-mujeres-mexico,07-02-2021,12-02-2021
delfos,hoteles,resultados,1537,0,cancuncosta-mujeres-mexico,27-12-2020,03-01-2021
delfos,hoteles,resultados,3272,0,grand-bahama-bahamas,10-03-2021,17-03-2021
delfos,hoteles,resultados,3534,0,la-habana-cuba,17-03-2021,19-03-2021
delfos,hoteles,resultados,5792,0,mexico-city-mexico-df-mexico,10-08-2021,13-08-2021
delfos,hoteles,resultados,5796,0,miami-fl-estados-unidos,03-05-2021,13-05-2021
delfos,hoteles,resultados,7200,0,playa-del-carmenriviera-maya-mexico,13-01-2021,17-01-2021
delfos,hoteles,resultados,7493,0,punta-cana-republica-dominicana,23-05-2021,30-05-2021
delfos,hoteles,resultados,9698,0,varadero-cuba,19-03-2021,23-03-2021
dipviajes,hoteles,resultados,6305,0,natal-brasil,11-01-2021,18-01-2021
dipviajes,vuelos,resultados,BUE,IGR,03-01-2021,06-01-2021,adultos
eltucutucuviajesyturismo,vuelos,resultados,BRC,ZOS,13-01-2021,,adultos
eltucutucuviajesyturismo,vuelos,resultados,TUC,BUE,15-12-2020,,adultos
himalayarioiv,hoteles,resultados,1441,0,buzios-brasil,10-03-2021,14-03-2021
himalayarioiv,productos,detalle,796,calafate-clasico,tipo,productos,3
juanpabloloconte,hoteles,resultados,1537,0,cancuncosta-mujeres-mexico,03-03-2021,13-03-2021
martineztravelgroup,productos,detalle,32804,iguazu-clasico,tipo,productos,3
mondeviajes,hoteles,resultados,7753,0,rio-de-janeiro-brasil,24-01-2021,30-01-2021
noroesteviajes,paquetes,detalle,43365,buzios-2021,3,1,00:04:07
ortubiatravel,hoteles,resultados,7200,0,playa-del-carmenriviera-maya-mexico,06-05-2021,12-05-2021
planettravel,hoteles,resultados,7493,0,punta-cana-republica-dominicana,26-12-2020,02-01-2021
quimeratravelgroup,hoteles,resultados,7200,0,playa-del-carmenriviera-maya-mexico,25-05-2021,03-06-2021
surbrasiltoursparaisosonline,hoteles,resultados,2906,0,fort-lauderdale-estados-unidos,27-12-2020,02-01-2021
turismouniversal,hoteles,resultados,10350,0,porto-de-galinhas-brasil,02-06-2021,09-06-2021
turismouniversal,hoteles,resultados,7355,0,porto-seguro-brasil,08-02-2021,15-02-2021
ztur,hoteles,resultados,1369,0,buenos-aires-ar-argentina,29-12-2020,01-01-2021
adsmundo,hoteles,resultados,6302,0,nassau-bahamas,30-12-2020,08-01-2021
adsmundo,hoteles,resultados,6386,0,new-york-nueva-york-estados-unidos,15-05-2021,22-05-2021
adsmundo,hoteles,resultados,6792,0,orlando-estados-unidos,15-12-2020,17-12-2020
amazeviajes,vuelos,resultados,MDZ,IGR,12-03-2021,22-03-2021,adultos
amazeviajes,vuelos,resultados,MDZ,IGR,15-03-2021,19-03-2021,adultos
amazeviajes,vuelos,resultados,MDZ,IGR,18-03-2021,22-03-2021,adultos
amitieevt,hoteles,resultados,6302,0,nassau-bahamas,30-12-2020,08-01-2021
animatravel,hoteles,resultados,7493,0,punta-cana-republica-dominicana,17-01-2022,30-01-2022
artesan,vuelos,resultados,SLA,BUE,15-12-2020,18-12-2020,adultos
atamatoturismo,hoteles,resultados,1537,0,cancuncosta-mujeres-mexico,22-01-2021,01-02-2021
atamatoturismo,hoteles,resultados,1537,0,cancuncosta-mujeres-mexico,22-01-2021,01-02-2021
atamatoturismo,hoteles,resultados,1537,0,cancuncosta-mujeres-mexico,22-01-2021,01-02-2021
atamatoturismo,hoteles,resultados,5796,0,miami-fl-estados-unidos,01-02-2021,05-02-2021
atsanjosedemetan,productos,detalle,418,florianopolis,tipo,productos,2
atsanjosedemetan,vuelos,resultados,TUC,REC,20-01-2021,28-01-2021,adultos
atsanjosedemetan,vuelos,resultados,TUC,REC,20-01-2021,28-01-2021,adultos
austerdmc,hoteles,resultados,1537,0,cancuncosta-mujeres-mexico,25-01-2021,01-02-2021
avallone,hoteles,resultados,8146,0,san-martin-de-los-andes-argentina,08-01-2021,11-01-2021
avallone,productos,detalle,32976,puerto-madryn-peninsula-de-valdes,2,1,00:07:51
babelcarlospaz,hoteles,resultados,1537,0,cancuncosta-mujeres-mexico,18-02-2021,26-02-2021
babelcarlospaz,hoteles,resultados,6305,0,natal-brasil,10-08-2021,17-08-2021
babelcarlospaz,hoteles,resultados,6305,0,natal-brasil,12-02-2021,19-02-2021
babelcarlospaz,hoteles,resultados,7753,0,rio-de-janeiro-brasil,06-01-2021,13-01-2021
babelcarlospaz,hoteles,resultados,8070,0,salvador-brasil,07-01-2021,15-01-2021
benzaquenviajesyturismo,hoteles,resultados,7753,0,rio-de-janeiro-brasil,06-06-2021,14-06-2021
bhiviajes,vuelos,resultados,BUE,NBO,NBO,ADD,15-03-2021
borniegoviajesyturismoevt,productos,detalle,32745,egipto-y-dubai-jeques-y-faraones,2,1,00:06:04
ceibo,hoteles,resultados,7200,0,playa-del-carmenriviera-maya-mexico,11-09-2021,16-09-2021
ceibo,hoteles,resultados,7493,0,punta-cana-republica-dominicana,09-03-2021,19-03-2021
ceibo,hoteles,resultados,9698,0,varadero-cuba,10-04-2021,17-04-2021
ceiboviajes,hoteles,resultados,10346,0,bayahibe-republica-dominicana,01-05-2021,06-05-2021
ceiboviajes,hoteles,resultados,10346,0,bayahibe-republica-dominicana,12-05-2021,19-05-2021
ceiboviajes,hoteles,resultados,10346,0,bayahibe-republica-dominicana,18-08-2021,25-08-2021
ceiboviajes,hoteles,resultados,10346,0,bayahibe-republica-dominicana,26-04-2021,01-05-2021
ceiboviajes,hoteles,resultados,10378,0,cayo-santa-maria-cuba,08-02-2021,14-02-2021
ceiboviajes,hoteles,resultados,7355,0,porto-seguro-brasil,10-03-2021,17-03-2021
ceiboviajes,hoteles,resultados,7355,0,porto-seguro-brasil,13-01-2021,20-01-2021
ceiboviajes,hoteles,resultados,7493,0,punta-cana-republica-dominicana,01-05-2021,06-05-2021
ceiboviajes,hoteles,resultados,7493,0,punta-cana-republica-dominicana,05-05-2021,12-05-2021
ceiboviajes,hoteles,resultados,7493,0,punta-cana-republica-dominicana,10-03-2021,17-03-2021
ceiboviajes,hoteles,resultados,7493,0,punta-cana-republica-dominicana,12-05-2021,19-05-2021
collage,vuelos,resultados,BUE,PUJ,12-10-2021,19-10-2021,adultos
collage,vuelos,resultados,BUE,PUJ,14-09-2021,21-09-2021,adultos
comdetur,hoteles,resultados,12441,0,itaparica-brasil,17-01-2021,24-01-2021
comdetur,hoteles,resultados,497,0,aruba-aruba,09-08-2021,16-08-2021
comdetur,hoteles,resultados,7493,0,punta-cana-republica-dominicana,18-04-2021,25-04-2021
comdetur,hoteles,resultados,8070,0,salvador-brasil,17-01-2021,24-01-2021
comdetur,hoteles,resultados,9622,0,ushuaia-argentina,14-03-2021,18-03-2021
crowntravel,hoteles,resultados,10387,0,costa-do-sauipe-brasil,14-08-2021,21-08-2021
crowntravel,hoteles,resultados,5796,0,miami-fl-estados-unidos,28-02-2021,04-03-2021
crowntravel,hoteles,resultados,7493,0,punta-cana-republica-dominicana,24-02-2021,05-03-2021
curunduviajes,hoteles,resultados,10363,0,pipa-brasil,05-01-2021,14-01-2021
curunduviajes,hoteles,resultados,12430,0,guaruja-brasil,05-01-2021,14-01-2021
delfos,hoteles,resultados,10344,0,imbassai-brasil,12-01-2021,19-01-2021
delfos,hoteles,resultados,10344,0,imbassai-brasil,27-12-2020,03-01-2021
delfos,hoteles,resultados,10346,0,bayahibe-republica-dominicana,10-05-2021,16-05-2021
delfos,hoteles,resultados,10353,0,bombas-y-bombinhas-brasil,15-01-2021,25-01-2021
delfos,hoteles,resultados,10379,0,cumbuco-brasil,10-02-2021,15-02-2021
delfos,hoteles,resultados,10384,0,villa-la-angostura-argentina,21-01-2021,26-01-2021
delfos,hoteles,resultados,1155,0,bogota-colombia,21-01-2021,25-01-2021
delfos,hoteles,resultados,1537,0,cancuncosta-mujeres-mexico,20-06-2021,28-06-2021
delfos,hoteles,resultados,1537,0,cancuncosta-mujeres-mexico,22-06-2021,29-06-2021
delfos,hoteles,resultados,1537,0,cancuncosta-mujeres-mexico,31-01-2021,11-02-2021
delfos,hoteles,resultados,3272,0,grand-bahama-bahamas,10-03-2021,17-03-2021
delfos,hoteles,resultados,3534,0,la-habana-cuba,10-04-2021,13-04-2021
delfos,hoteles,resultados,5323,0,maceio-brasil,22-03-2021,29-03-2021
delfos,hoteles,resultados,5792,0,mexico-city-mexico-df-mexico,10-08-2021,13-08-2021
delfos,hoteles,resultados,7200,0,playa-del-carmenriviera-maya-mexico,02-01-2021,09-01-2021
delfos,hoteles,resultados,7200,0,playa-del-carmenriviera-maya-mexico,09-01-2021,13-01-2021
delfos,hoteles,resultados,7493,0,punta-cana-republica-dominicana,05-06-2021,12-06-2021
delfos,hoteles,resultados,7493,0,punta-cana-republica-dominicana,05-06-2021,12-06-2021
delfos,hoteles,resultados,7493,0,punta-cana-republica-dominicana,10-05-2021,16-05-2021
delfos,hoteles,resultados,7493,0,punta-cana-republica-dominicana,23-05-2021,30-05-2021
delfos,hoteles,resultados,7753,0,rio-de-janeiro-brasil,08-01-2021,15-01-2021
delfos,hoteles,resultados,7753,0,rio-de-janeiro-brasil,24-01-2021,30-01-2021
delfos,hoteles,resultados,8088,0,san-andres-island-colombia,19-02-2021,28-02-2021
delfos,hoteles,resultados,8100,0,san-carlos-de-bariloche-argentina,15-01-2021,22-01-2021
delfos,hoteles,resultados,8100,0,san-carlos-de-bariloche-argentina,18-07-2021,25-07-2021
delfos,hoteles,resultados,8100,0,san-carlos-de-bariloche-argentina,19-01-2021,21-01-2021
delfos,hoteles,resultados,9698,0,varadero-cuba,10-05-2021,15-05-2021
delfos,productos,detalle,796,calafate-clasico,tipo,productos,2
delfos,vuelos,resultados,BUE,CUN,06-01-2021,16-01-2021,adultos
delfost,hoteles,resultados,8100,0,san-carlos-de-bariloche-argentina,16-01-2021,26-01-2021
delfost,hoteles,resultados,8260,0,santiago-de-chile-chile,06-01-2021,09-01-2021
dipviajes,hoteles,resultados,6305,0,natal-brasil,11-01-2022,19-01-2022
dipviajes,hoteles,resultados,6305,0,natal-brasil,12-01-2021,20-01-2021
dipviajes,hoteles,resultados,6305,0,natal-brasil,15-01-2021,22-01-2021
dipviajes,hoteles,resultados,6305,0,natal-brasil,18-01-2021,26-01-2021
dipviajes,vuelos,resultados,BUE,USH,FTE,USH,FTE
dipviajes,vuelos,resultados,BUE,IGR,06-01-2021,09-01-2021,adultos
dipviajes,vuelos,resultados,BUE,MDQ,08-01-2021,14-01-2021,adultos
dipviajes,vuelos,resultados,BUE,NAT,11-01-2021,18-01-2021,adultos
dubaiviajesgralpaz,hoteles,resultados,1369,0,buenos-aires-ar-argentina,29-12-2020,30-12-2020
eltucutucuviajesyturismo,vuelos,resultados,BRC,PMC,13-01-2021,,adultos
eltucutucuviajesyturismo,vuelos,resultados,BUE,BRC,13-01-2021,,adultos
eltucutucuviajesyturismo,vuelos,resultados,TUC,BUE,13-01-2021,,adultos
expendertravel,hoteles,resultados,7162,0,pinamar-argentina,10-02-2021,18-02-2021
giugnoturismo,productos,detalle,32804,iguazu-clasico,2,1,00:04:37
globetrotters,hoteles,resultados,2106,0,cozumel-mexico,21-01-2021,25-01-2021
globetrotters,hoteles,resultados,5792,0,mexico-city-mexico-df-mexico,09-01-2021,12-01-2021
himalayarioiv,hoteles,resultados,10346,0,bayahibe-republica-dominicana,30-12-2020,06-01-2021
himalayarioiv,hoteles,resultados,12493,0,ilha-grande-brasil,11-10-2021,15-10-2021
himalayarioiv,hoteles,resultados,7753,0,rio-de-janeiro-brasil,14-03-2021,17-03-2021
himalayarioiv,productos,detalle,32804,iguazu-clasico,tipo,productos,2
himalayaviajescordoba,vuelos,resultados,EZE,COR,24-12-2020,,adultos
himalayaviajescordoba,vuelos,resultados,EZE,COR,25-12-2020,,adultos
laspalmeras,vuelos,resultados,BUE,IGR,14-02-2021,20-02-2021,adultos
marielalonneturismo,vuelos,resultados,BUE,ROM,25-01-2021,05-02-2021,adultos
martineztravelgroup,productos,detalle,32974,calafate-ushuaia,tipo,productos,2
martineztravelgroup,vuelos,resultados,BUE,FTE,USH,FTE,USH
mcgviajesyturismo,productos,detalle,796,calafate-clasico,tipo,productos,2
mondeviajes,hoteles,resultados,10346,0,bayahibe-republica-dominicana,09-05-2021,16-05-2021
mondeviajes,hoteles,resultados,5796,0,miami-fl-estados-unidos,01-05-2021,06-05-2021
mondeviajes,hoteles,resultados,5796,0,miami-fl-estados-unidos,01-05-2021,06-05-2021
mondeviajes,hoteles,resultados,5796,0,miami-fl-estados-unidos,23-04-2021,24-04-2021
mondeviajes,hoteles,resultados,5796,0,miami-fl-estados-unidos,27-03-2021,01-04-2021
noroesteviajes,cupos,resultados,ciudad_origen,COR&desde,08-02-2021&hasta,15-02-2021&adultos,2
onetrip,hoteles,resultados,10366,0,cafayate-argentina,11-02-2021,16-02-2021
onetrip,hoteles,resultados,1537,0,cancuncosta-mujeres-mexico,25-01-2021,31-01-2021
onetrip,hoteles,resultados,7476,0,puerto-vallarta-mexico,19-01-2021,25-01-2021
onetrip,hoteles,resultados,8066,0,salta-argentina,11-01-2021,18-01-2021
onetrip,hoteles,resultados,8146,0,san-martin-de-los-andes-argentina,01-08-2021,08-08-2021
onetrip,productos,detalle,32807,bariloche-clasico,tipo,productos,2
onetripcarlospaz,hoteles,resultados,7200,0,playa-del-carmenriviera-maya-mexico,18-05-2021,25-05-2021
onetripcarlospaz,vuelos,resultados,BUE,CUN,18-05-2021,25-05-2021,adultos
onetripcarlospaz,vuelos,resultados,BUE,CUN,26-12-2020,04-02-2021,adultos
onetripcarlospaz,vuelos,resultados,BUE,CUN,26-12-2020,17-02-2021,adultos
onetriplasrosas,hoteles,resultados,6336,0,negril-jamaica,25-05-2022,01-06-2022
onetriplasrosas,hoteles,resultados,7830,0,roma-italia,14-10-2021,18-10-2021
onetriplasrosas,hoteles,resultados,7830,0,roma-italia,14-10-2021,18-10-2021
onetriplasrosas,vuelos,resultados,BUE,RIO,30-12-2020,04-01-2021,adultos
poluxtravel,hoteles,resultados,7493,0,punta-cana-republica-dominicana,06-03-2021,11-03-2021
pounamuviajes,hoteles,resultados,8088,0,san-andres-island-colombia,23-07-2021,30-07-2021
pounamuviajes,hoteles,resultados,9698,0,varadero-cuba,09-01-2021,16-01-2021
radarviajes,hoteles,resultados,5796,0,miami-fl-estados-unidos,29-08-2020,06-09-2020
rispoli,hoteles,resultados,8066,0,salta-argentina,22-03-2021,29-03-2021
royaltravel,hoteles,resultados,3535,0,havana-cuba,17-05-2021,21-05-2021
safari,hoteles,resultados,7200,0,playa-del-carmenriviera-maya-mexico,28-03-2021,03-04-2021
serviciosaerocomercialessanluis,vuelos,resultados,LUQ,BUE,31-12-2020,28-01-2021,adultos
serviciosaerocomercialessanluis,vuelos,resultados,MDZ,BUE,31-12-2020,03-01-2021,adultos
sevenstravel,hoteles,resultados,7493,0,punta-cana-republica-dominicana,14-01-2021,21-01-2021
sofiaevelynhernandoturismointernacional,vuelos,resultados,MDQ,SLA,18-03-2021,23-03-2021,adultos
swanturismo,hoteles,resultados,1537,0,cancuncosta-mujeres-mexico,09-01-2021,13-01-2021
talentoevt,productos,detalle,32765,cancun,2,1,00:03:59
trivento,cupos,resultados,ciudad_origen,BUE&ciudad_destino,PUJ&desde,07-01-2021&hasta,16-01-2021&adultos
trivento,vuelos,resultados,BUE,PUJ,04-01-2021,13-01-2021,adultos
turismomazza,hoteles,resultados,9367,0,toronto-canada,02-04-2021,07-04-2021
turismouniversal,hoteles,resultados,10355,0,maragogi-brasil,02-02-2021,09-02-2021
turismouniversal,hoteles,resultados,10355,0,maragogi-brasil,20-02-2021,27-02-2021
turismouniversal,hoteles,resultados,10386,0,praia-do-forte-brasil,08-02-2021,15-02-2021
turismouniversal,hoteles,resultados,6305,0,natal-brasil,02-02-2021,09-02-2021
turismouniversal,hoteles,resultados,6305,0,natal-brasil,02-06-2021,09-06-2021
turismouniversal,hoteles,resultados,7355,0,porto-seguro-brasil,02-01-2021,09-01-2021
turismouniversal,hoteles,resultados,7355,0,porto-seguro-brasil,02-02-2021,09-02-2021
turismouniversal,hoteles,resultados,7355,0,porto-seguro-brasil,08-01-2021,15-01-2021
viajelisto,hoteles,resultados,1537,0,cancuncosta-mujeres-mexico,26-06-2021,03-07-2021
zeruanviajes,hoteles,resultados,9722,0,venecia-it-italia,31-08-2021,01-09-2021
zoluviajes,vuelos,resultados,BUE,PUJ,10-05-2021,17-05-2021,adultos
,hoteles,resultados,12493,0,ilha-grande-brasil,05-03-2021,09-03-2021
abbruzzeselozadaviajes,cupos,resultados,desde,15-01-2021&hasta,15-01-2021&adultos,1,1
adsmundo,hoteles,resultados,12419,0,paradise-island-bahamas,30-12-2020,08-01-2021
adsmundo,hoteles,resultados,7200,0,playa-del-carmenriviera-maya-mexico,01-04-2021,05-04-2021
algarroboviajesyturismo,hoteles,resultados,5527,0,mar-del-plata-argentina,15-01-2021,17-01-2021
algarroboviajesyturismo,vuelos,resultados,MDZ,AGP,02-02-2021,02-03-2021,adultos
almarviajes,hoteles,resultados,2161,0,curacao-antillas-neerlandesas,13-05-2021,20-05-2021
almarviajes,hoteles,resultados,497,0,aruba-aruba,13-05-2021,20-05-2021
almarviajes,vuelos,resultados,BUE,BCN,04-03-2021,02-06-2021,clase
almarviajes,vuelos,resultados,BUE,BCN,05-03-2021,04-06-2021,clase
almarviajes,vuelos,resultados,BUE,MAD,04-03-2021,02-06-2021,clase
almarviajes,vuelos,resultados,BUE,PAR,04-03-2021,02-06-2021,clase
almarviajes,vuelos,resultados,SCL,MAD,04-03-2021,02-06-2021,clase
altapampa,productos,detalle,32765,cancun,1,1,00:00:25
amazeviajes,hoteles,resultados,3800,0,iguazu-argentina,02-04-2021,05-04-2021
amazeviajes,vuelos,resultados,MDZ,IGR,02-04-2021,05-04-2021,adultos
amazeviajes,vuelos,resultados,MDZ,IGR,02-04-2021,06-04-2021,adultos
amazeviajes,vuelos,resultados,MDZ,IGR,05-04-2021,09-04-2021,adultos
amazeviajes,vuelos,resultados,MDZ,IGR,08-04-2021,12-04-2021,adultos
amazeviajes,vuelos,resultados,MDZ,IGR,16-03-2021,24-03-2021,adultos
amazeviajes,vuelos,resultados,MDZ,IGR,22-03-2021,26-03-2021,adultos
amazeviajes,vuelos,resultados,MDZ,IGR,22-03-2021,26-03-2021,adultos
amitieevt,hoteles,resultados,1369,0,buenos-aires-ar-argentina,05-01-2021,06-01-2021
aracelliisla,productos,detalle,32974,calafate-ushuaia,tipo,productos,1
aracelliisla,vuelos,resultados,COR,FTE,USH,FTE,USH
asociacionmutualsancor,vuelos,resultados,EZE,MAD,28-07-2021,10-08-2021,adultos
asociacionmutualsancor,vuelos,resultados,EZE,MAD,28-07-2021,11-08-2021,adultos
asociacionmutualsancor,vuelos,resultados,EZE,MAD,29-07-2021,11-08-2021,adultos
atamatoturismo,hoteles,resultados,10386,0,praia-do-forte-brasil,04-09-2021,12-09-2021
atamatoturismo,hoteles,resultados,1537,0,cancuncosta-mujeres-mexico,22-01-2021,01-02-2021
atamatoturismo,hoteles,resultados,9486,0,tulum-mexico,05-01-2021,17-01-2021
aterrizandosuenos,hoteles,resultados,2577,0,el-calafate-argentina,07-03-2021,11-03-2021
aterrizandosuenos,hoteles,resultados,9622,0,ushuaia-argentina,11-03-2021,14-03-2021
aterrizandosuenos,productos,detalle,32804,iguazu-clasico,tipo,productos,1
atsanjosedemetan,hoteles,resultados,10350,0,porto-de-galinhas-brasil,20-01-2021,28-01-2021
atsanjosedemetan,hoteles,resultados,8070,0,salvador-brasil,22-01-2021,25-01-2021
atsanjosedemetan,productos,detalle,43438,dubai-expo-2021,tipo,productos,1
atsanjosedemetan,vuelos,resultados,BUE,MCZ,14-01-2021,25-01-2021,adultos
atsanjosedemetan,vuelos,resultados,BUE,MCZ,19-01-2021,26-01-2021,adultos
atsanjosedemetan,vuelos,resultados,BUE,REC,18-01-2021,26-01-2021,adultos
atsanjosedemetan,vuelos,resultados,BUE,REC,19-01-2021,26-01-2021,adultos
atsanjosedemetan,vuelos,resultados,BUE,REC,19-01-2021,26-01-2021,adultos
avallone,cotizador-offline,home,resultados,REL,17-02-2021,23-02-2021,1
avallone,hoteles,resultados,10384,0,villa-la-angostura-argentina,08-01-2021,11-01-2021
avallone,hoteles,resultados,12449,0,puerto-piramides-argentina,16-02-2021,17-02-2021
avallone,productos,detalle,43566,puerto-madryn-peninsula-de-valdes-en-auto,1,1,00:02:32
avallone,productos,detalle,43594,bariloche-pesca-embarcada,1,1,00:02:12
avallone,vuelos,resultados,MDZ,PMY,16-02-2021,22-02-2021,adultos
avallone,vuelos,resultados,MDZ,REL,16-02-2021,22-02-2021,adultos
avallone,vuelos,resultados,MDZ,REL,17-02-2021,23-02-2021,adultos
avallone,vuelos,resultados,MDZ,REL,18-02-2021,23-02-2021,adultos
avallone,vuelos,resultados,MDZ,REL,18-02-2021,24-02-2021,adultos
avallone,vuelos,resultados,MDZ,REL,19-02-2021,23-02-2021,adultos
babelcarlospaz,hoteles,resultados,10346,0,bayahibe-republica-dominicana,13-04-2021,21-04-2021
babelcarlospaz,hoteles,resultados,10378,0,cayo-santa-maria-cuba,15-04-2021,23-04-2021
babelcarlospaz,hoteles,resultados,1441,0,buzios-brasil,06-01-2021,13-01-2021
babelcarlospaz,hoteles,resultados,1537,0,cancuncosta-mujeres-mexico,18-03-2021,26-03-2021
babelcarlospaz,hoteles,resultados,1537,0,cancuncosta-mujeres-mexico,21-03-2021,29-03-2021
babelcarlospaz,hoteles,resultados,6305,0,natal-brasil,10-08-2021,17-08-2021
babelcarlospaz,hoteles,resultados,6305,0,natal-brasil,15-03-2021,22-03-2021
babelcarlospaz,hoteles,resultados,7200,0,playa-del-carmenriviera-maya-mexico,18-04-2021,26-04-2021
babelcarlospaz,hoteles,resultados,8070,0,salvador-brasil,18-04-2021,26-04-2021
babelviaje,vuelos,resultados,SCL,MDZ,16-12-2020,23-01-2021,adultos
babelviaje,vuelos,resultados,SCL,MDZ,19-12-2020,22-01-2021,adultos
balcarceviajes,hoteles,resultados,10390,0,villa-carlos-paz-argentina,09-09-2021,18-09-2021
balearesviajesyturismo,hoteles,resultados,7847,0,rosario-argentina,20-12-2020,10-01-2021
balearesviajesyturismo,vuelos,resultados,BUE,LAX,24-05-2021,13-06-2021,adultos
benzaquenviajesyturismo,vuelos,resultados,MDZ,RIO,06-06-2021,14-06-2021,adultos
ceciliagayosoturismo,vuelos,resultados,BUE,AUA,01-03-2021,08-03-2021,adultos
ceciliagayosoturismo,vuelos,resultados,BUE,AUA,01-04-2021,08-04-2021,adultos
ceibo,hoteles,resultados,10346,0,bayahibe-republica-dominicana,02-02-2021,07-02-2021
ceibo,hoteles,resultados,10346,0,bayahibe-republica-dominicana,02-05-2021,07-05-2021
ceibo,hoteles,resultados,10346,0,bayahibe-republica-dominicana,06-05-2021,11-05-2021
ceibo,hoteles,resultados,10346,0,bayahibe-republica-dominicana,06-05-2021,16-05-2021
ceibo,hoteles,resultados,1537,0,cancuncosta-mujeres-mexico,16-09-2021,20-09-2021
ceibo,hoteles,resultados,7200,0,playa-del-carmenriviera-maya-mexico,28-12-2020,09-01-2021
ceibo,hoteles,resultados,7493,0,punta-cana-republica-dominicana,07-02-2021,12-02-2021
ceibo,hoteles,resultados,7493,0,punta-cana-republica-dominicana,07-05-2021,12-05-2021
ceibo,hoteles,resultados,7493,0,punta-cana-republica-dominicana,11-05-2021,16-05-2021
ceibo,hoteles,resultados,9698,0,varadero-cuba,10-04-2021,17-04-2021
ceibo,vuelos,resultados,BUE,PUJ,09-03-2021,19-03-2021,adultos
ceibo,vuelos,resultados,BUE,PUJ,11-03-2021,21-03-2021,adultos
ceiboviajes,hoteles,detalle,PLAYACAR,playa-del-carmenriviera-maya-mexico,23-12-2020,05-01-2021,1
ceiboviajes,hoteles,resultados,10346,0,bayahibe-republica-dominicana,01-05-2021,06-05-2021
ceiboviajes,hoteles,resultados,10346,0,bayahibe-republica-dominicana,08-09-2021,15-09-2021
ceiboviajes,hoteles,resultados,10346,0,bayahibe-republica-dominicana,09-09-2021,16-09-2021
ceiboviajes,hoteles,resultados,10346,0,bayahibe-republica-dominicana,10-04-2021,15-04-2021
ceiboviajes,hoteles,resultados,10346,0,bayahibe-republica-dominicana,14-04-2021,21-04-2021
ceiboviajes,hoteles,resultados,10346,0,bayahibe-republica-dominicana,26-04-2021,01-05-2021
ceiboviajes,hoteles,resultados,4784,0,la-romana-republica-dominicana,09-09-2021,16-09-2021
ceiboviajes,hoteles,resultados,7200,0,playa-del-carmenriviera-maya-mexico,08-02-2021,14-02-2021
ceiboviajes,hoteles,resultados,7200,0,playa-del-carmenriviera-maya-mexico,23-12-2020,05-01-2021
ceiboviajes,hoteles,resultados,7355,0,porto-seguro-brasil,12-05-2021,19-05-2021
ceiboviajes,hoteles,resultados,7355,0,porto-seguro-brasil,14-04-2021,21-04-2021
ceiboviajes,hoteles,resultados,7493,0,punta-cana-republica-dominicana,01-05-2021,06-05-2021
ceiboviajes,hoteles,resultados,7493,0,punta-cana-republica-dominicana,05-04-2021,10-04-2021
ceiboviajes,hoteles,resultados,7493,0,punta-cana-republica-dominicana,05-04-2021,10-04-2021
ceiboviajes,hoteles,resultados,7493,0,punta-cana-republica-dominicana,08-06-2021,15-06-2021
ceiboviajes,hoteles,resultados,7493,0,punta-cana-republica-dominicana,08-09-2021,15-09-2021
ceiboviajes,hoteles,resultados,7493,0,punta-cana-republica-dominicana,26-04-2021,01-05-2021
ceiboviajes,hoteles,resultados,7493,0,punta-cana-republica-dominicana,26-04-2021,01-05-2021
ceiboviajes,vuelos,resultados,BUE,CUN,01-09-2021,11-09-2021,adultos
ceiboviajes,vuelos,resultados,BUE,CUN,10-03-2021,19-03-2021,adultos
ceiboviajes,vuelos,resultados,BUE,CUN,13-05-2021,23-05-2021,adultos
ceiboviajes,vuelos,resultados,BUE,CUN,18-05-2021,25-05-2021,adultos
ceiboviajes,vuelos,resultados,BUE,CUN,21-02-2021,28-02-2021,adultos
ceiboviajes,vuelos,resultados,BUE,HAV,01-09-2021,11-09-2021,adultos
ceiboviajes,vuelos,resultados,BUE,HAV,31-08-2021,10-09-2021,adultos
ceiboviajes,vuelos,resultados,BUE,PUJ,03-06-2021,13-06-2021,adultos
ceiboviajes,vuelos,resultados,BUE,PUJ,09-09-2021,19-09-2021,adultos
ceiboviajes,vuelos,resultados,BUE,PUJ,10-03-2021,20-03-2021,adultos
ceiboviajes,vuelos,resultados,BUE,PUJ,10-05-2021,20-05-2021,adultos
ceiboviajes,vuelos,resultados,BUE,PUJ,12-05-2021,22-05-2021,adultos
ceiboviajes,vuelos,resultados,BUE,PUJ,13-01-2021,20-01-2021,adultos
ceiboviajes,vuelos,resultados,BUE,PUJ,14-04-2021,24-04-2021,adultos
ceiboviajes,vuelos,resultados,BUE,PUJ,21-02-2021,28-02-2021,adultos
ceiboviajes,vuelos,resultados,BUE,PUJ,24-02-2021,04-03-2021,adultos
ceiboviajes,vuelos,resultados,BUE,SNU,13-05-2021,20-05-2021,adultos
ceiboviajes,vuelos,resultados,BUE,SNU,31-08-2021,10-09-2021,adultos
chidaholidaytripplanners,vuelos,resultados,BUE,CUN,06-02-2021,20-02-2021,adultos
chidaholidaytripplanners,vuelos,resultados,BUE,CUN,06-02-2021,20-02-2021,adultos
clasicamoderna,productos,detalle,32971,el-calafate-el-chalten,1,1,00:00:00
clasicamoderna,vuelos,resultados,BUE,DOH,15-02-2021,15-03-2021,clase
clasicamoderna,vuelos,resultados,BUE,DOH,15-02-2021,15-03-2021,clase
collage,vuelos,resultados,BUE,GIG,20-04-2021,27-04-2021,adultos
collage,vuelos,resultados,BUE,MCZ,20-12-2020,30-03-2021,adultos
collage,vuelos,resultados,BUE,MCZ,23-12-2020,31-03-2021,adultos
collage,vuelos,resultados,BUE,NAT,10-04-2021,17-04-2021,adultos
collage,vuelos,resultados,BUE,NAT,11-04-2021,18-04-2021,adultos
collage,vuelos,resultados,BUE,NAT,12-04-2021,19-04-2021,adultos
collage,vuelos,resultados,BUE,PUJ,11-08-2021,18-08-2021,adultos
collage,vuelos,resultados,BUE,PUJ,13-09-2021,21-09-2021,adultos
collage,vuelos,resultados,BUE,PUJ,13-10-2021,20-10-2021,adultos
collage,vuelos,resultados,BUE,PUJ,15-09-2021,22-09-2021,adultos
collage,vuelos,resultados,BUE,PUJ,15-11-2021,22-11-2021,adultos
collage,vuelos,resultados,BUE,SSA,30-05-2021,12-06-2021,adultos
comdetur,hoteles,resultados,10384,0,villa-la-angostura-argentina,12-01-2021,15-01-2021
comdetur,hoteles,resultados,1369,0,buenos-aires-ar-argentina,12-01-2021,15-01-2021
comdetur,hoteles,resultados,1537,0,cancuncosta-mujeres-mexico,17-01-2021,24-01-2021
comdetur,hoteles,resultados,1537,0,cancuncosta-mujeres-mexico,26-01-2021,03-02-2021
comdetur,hoteles,resultados,2577,0,el-calafate-argentina,18-03-2021,22-03-2021
comdetur,hoteles,resultados,497,0,aruba-aruba,07-09-2021,14-09-2021
comdetur,hoteles,resultados,5796,0,miami-fl-estados-unidos,18-01-2021,25-01-2021
comdetur,hoteles,resultados,6386,0,new-york-nueva-york-estados-unidos,15-02-2021,22-02-2021
comdetur,hoteles,resultados,7493,0,punta-cana-republica-dominicana,15-01-2021,16-01-2021
comdetur,hoteles,resultados,7493,0,punta-cana-republica-dominicana,17-01-2021,25-01-2021
comdetur,hoteles,resultados,9486,0,tulum-mexico,26-01-2021,03-02-2021
comdetursareconquista,hoteles,resultados,10384,0,villa-la-angostura-argentina,16-02-2021,20-02-2021
comdetursareconquista,hoteles,resultados,7200,0,playa-del-carmenriviera-maya-mexico,10-07-2021,15-07-2021
comdetursareconquista,hoteles,resultados,7200,0,playa-del-carmenriviera-maya-mexico,21-08-2021,28-08-2021
comdetursareconquista,hoteles,resultados,8100,0,san-carlos-de-bariloche-argentina,16-02-2021,20-02-2021
concepcionviajesyturismo,vuelos,resultados,BUE,ASU,22-12-2020,11-01-2021,adultos
concepcionviajesyturismo,vuelos,resultados,BUE,ASU,27-12-2020,16-01-2021,adultos
cosmopolitan,hoteles,resultados,10384,0,villa-la-angostura-argentina,01-03-2021,08-03-2021
cosmopolitan,hoteles,resultados,8100,0,san-carlos-de-bariloche-argentina,01-03-2021,08-03-2021
cosmopolitan,vuelos,resultados,BUE,FTE,USH,FTE,USH
cosmopolitan,vuelos,resultados,BUE,FTE,USH,FTE,USH
cosmopolitan,vuelos,resultados,BUE,FTE,USH,FTE,USH
cosmopolitan,vuelos,resultados,BUE,FTE,USH,FTE,USH
cosmopolitan,vuelos,resultados,MDQ,BUE,22-12-2020,29-12-2020,adultos
cosmopolitan,vuelos,resultados,MDQ,BUE,23-12-2020,,adultos
cosmopolitan,vuelos,resultados,MDQ,BUE,23-12-2020,,adultos
cosmopolitan,vuelos,resultados,MDQ,BUE,23-12-2020,29-12-2020,adultos
criscionetoursandtravel,productos,detalle,305,buzios,tipo,productos,1
crowntravel,hoteles,resultados,10344,0,imbassai-brasil,01-08-2021,11-08-2021
crowntravel,hoteles,resultados,10344,0,imbassai-brasil,11-08-2021,21-08-2021
crowntravel,hoteles,resultados,10344,0,imbassai-brasil,14-08-2021,21-08-2021
crowntravel,hoteles,resultados,10386,0,praia-do-forte-brasil,14-08-2021,21-08-2021
crowntravel,hoteles,resultados,5796,0,miami-fl-estados-unidos,28-02-2021,04-03-2021
crowntravel,hoteles,resultados,7200,0,playa-del-carmenriviera-maya-mexico,22-10-2020,30-10-2020
crowntravel,hoteles,resultados,7493,0,punta-cana-republica-dominicana,20-02-2021,28-02-2021
crowntravel,hoteles,resultados,7493,0,punta-cana-republica-dominicana,20-02-2021,28-02-2021
crowntravel,hoteles,resultados,7493,0,punta-cana-republica-dominicana,24-02-2021,05-03-2021
curunduviajes,hoteles,resultados,12431,0,ilhabela-brasil,05-01-2021,14-01-2021
curunduviajes,hoteles,resultados,6305,0,natal-brasil,05-01-2021,14-01-2021
curunduviajes,hoteles,resultados,8295,0,sao-sebastiao-do-brasil,05-01-2021,14-01-2021
curunduviajes,hoteles,resultados,9538,0,ubatuba-brasil,05-01-2021,14-01-2021
cuyuncoturismo,productos,detalle,32787,salta-clasico,tipo,productos,1
cuyuncoturismo,vuelos,resultados,REL,SLA,18-03-2021,21-03-2021,adultos
cuyuncoturismo,vuelos,resultados,REL,SLA,19-03-2021,22-03-2021,adultos
delagranitaliaviajes,productos,detalle,32804,iguazu-clasico,tipo,productos,1
delfos,cotizador-offline,home,resultados,CUN,01-01-2021,31-01-2021,1
delfos,cotizador-offline,home,resultados,CUN,04-01-2021,08-01-2021,1
delfos,cotizador-offline,home,resultados,CUN,15-12-2020,31-01-2021,1
delfos,cotizador-offline,home,resultados,CUN,15-12-2020,31-12-2020,1
delfos,cotizador-offline,home,resultados,PCM,04-01-2021,08-01-2021,1
delfos,cotizador-offline,home,resultados,SLA,31-01-2021,31-01-2021,tipo
delfos,detalle-producto,935,jujuy-clasico,1,1,00:01:26,0
delfos,hoteles,detalle,JP531328,bombas-y-bombinhas-brasil,15-01-2021,25-01-2021,1
delfos,hoteles,resultados,10344,0,imbassai-brasil,05-02-2021,13-02-2021
delfos,hoteles,resultados,10346,0,bayahibe-republica-dominicana,01-02-2021,10-02-2021
delfos,hoteles,resultados,10346,0,bayahibe-republica-dominicana,19-01-2021,30-01-2021
delfos,hoteles,resultados,10346,0,bayahibe-republica-dominicana,28-01-2021,10-02-2021
delfos,hoteles,resultados,10346,0,bayahibe-republica-dominicana,29-01-2021,08-02-2021
delfos,hoteles,resultados,10346,0,bayahibe-republica-dominicana,31-01-2021,05-02-2021
delfos,hoteles,resultados,10346,0,bayahibe-republica-dominicana,31-01-2021,05-02-2021
delfos,hoteles,resultados,10356,0,puerto-aventuras-mexico,09-01-2021,13-01-2021
delfos,hoteles,resultados,10378,0,cayo-santa-maria-cuba,04-05-2021,10-05-2021
delfos,hoteles,resultados,10378,0,cayo-santa-maria-cuba,10-05-2021,10-05-2021
delfos,hoteles,resultados,10378,0,cayo-santa-maria-cuba,13-04-2021,20-04-2021
delfos,hoteles,resultados,10378,0,cayo-santa-maria-cuba,15-03-2021,21-03-2021
delfos,hoteles,resultados,10378,0,cayo-santa-maria-cuba,23-03-2021,28-03-2021
delfos,hoteles,resultados,10378,0,cayo-santa-maria-cuba,30-04-2021,04-05-2021
delfos,hoteles,resultados,10384,0,villa-la-angostura-argentina,15-01-2021,22-01-2021
delfos,hoteles,resultados,10384,0,villa-la-angostura-argentina,21-01-2021,26-01-2021
delfos,hoteles,resultados,10386,0,praia-do-forte-brasil,05-02-2021,13-02-2021
delfos,hoteles,resultados,10386,0,praia-do-forte-brasil,11-03-2021,18-03-2021
delfos,hoteles,resultados,10386,0,praia-do-forte-brasil,27-12-2020,03-01-2021
delfos,hoteles,resultados,12465,0,grace-bay-islas-turcas-y-caicos,21-04-2021,28-04-2021
delfos,hoteles,resultados,1495,0,camaari-brasil,10-02-2021,15-02-2021
delfos,hoteles,resultados,1495,0,camaari-brasil,11-03-2021,18-03-2021
delfos,hoteles,resultados,1537,0,cancuncosta-mujeres-mexico,06-02-2021,11-02-2021
delfos,hoteles,resultados,1537,0,cancuncosta-mujeres-mexico,09-07-2021,17-07-2021
delfos,hoteles,resultados,1537,0,cancuncosta-mujeres-mexico,17-10-2021,23-10-2021
delfos,hoteles,resultados,1537,0,cancuncosta-mujeres-mexico,18-11-2020,23-11-2020
delfos,hoteles,resultados,1537,0,cancuncosta-mujeres-mexico,20-06-2021,28-06-2021
delfos,hoteles,resultados,1537,0,cancuncosta-mujeres-mexico,23-01-2021,30-01-2021
delfos,hoteles,resultados,2577,0,el-calafate-argentina,20-02-2021,23-02-2021
delfos,hoteles,resultados,2938,0,fortaleza-brasil,10-02-2021,15-02-2021
delfos,hoteles,resultados,3534,0,la-habana-cuba,01-03-2021,03-03-2021
delfos,hoteles,resultados,3534,0,la-habana-cuba,09-01-2021,16-01-2021
delfos,hoteles,resultados,3534,0,la-habana-cuba,27-03-2021,29-03-2021
delfos,hoteles,resultados,3930,0,isla-mujeres-mexico,13-08-2021,20-08-2021
delfos,hoteles,resultados,4784,0,la-romana-republica-dominicana,15-04-2021,28-04-2021
delfos,hoteles,resultados,5527,0,mar-del-plata-argentina,12-01-2021,19-01-2021
delfos,hoteles,resultados,5796,0,miami-fl-estados-unidos,01-05-2021,06-05-2021
delfos,hoteles,resultados,5796,0,miami-fl-estados-unidos,23-04-2021,24-04-2021
delfos,hoteles,resultados,6302,0,nassau-bahamas,10-03-2021,17-03-2021
delfos,hoteles,resultados,6792,0,orlando-estados-unidos,10-02-2021,15-02-2021
delfos,hoteles,resultados,7200,0,playa-del-carmenriviera-maya-mexico,02-05-2021,09-05-2021
delfos,hoteles,resultados,7200,0,playa-del-carmenriviera-maya-mexico,02-05-2021,09-05-2021
delfos,hoteles,resultados,7200,0,playa-del-carmenriviera-maya-mexico,02-05-2021,09-05-2021
delfos,hoteles,resultados,7200,0,playa-del-carmenriviera-maya-mexico,07-03-2021,14-03-2021
delfos,hoteles,resultados,7200,0,playa-del-carmenriviera-maya-mexico,11-10-2021,17-10-2021
delfos,hoteles,resultados,7200,0,playa-del-carmenriviera-maya-mexico,13-01-2021,17-01-2021
delfos,hoteles,resultados,7200,0,playa-del-carmenriviera-maya-mexico,16-06-2021,22-06-2021
delfos,hoteles,resultados,7200,0,playa-del-carmenriviera-maya-mexico,23-12-2020,05-01-2021
delfos,hoteles,resultados,7200,0,playa-del-carmenriviera-maya-mexico,24-02-2021,04-03-2021
delfos,hoteles,resultados,7200,0,playa-del-carmenriviera-maya-mexico,24-02-2021,04-03-2021
delfos,hoteles,resultados,7426,0,providenciales-islas-turcas-y-caicos,21-04-2021,28-04-2021
delfos,hoteles,resultados,7493,0,punta-cana-republica-dominicana,01-02-2021,10-02-2021
delfos,hoteles,resultados,7493,0,punta-cana-republica-dominicana,05-02-2021,10-02-2021
delfos,hoteles,resultados,7493,0,punta-cana-republica-dominicana,05-02-2021,10-02-2021
delfos,hoteles,resultados,7493,0,punta-cana-republica-dominicana,05-06-2021,12-06-2021
delfos,hoteles,resultados,7493,0,punta-cana-republica-dominicana,15-08-2021,24-08-2021
delfos,hoteles,resultados,7493,0,punta-cana-republica-dominicana,16-05-2021,22-05-2021
delfos,hoteles,resultados,7493,0,punta-cana-republica-dominicana,18-03-2021,31-03-2021
delfos,hoteles,resultados,7493,0,punta-cana-republica-dominicana,19-01-2021,30-01-2021
delfos,hoteles,resultados,7493,0,punta-cana-republica-dominicana,23-05-2021,30-05-2021
delfos,hoteles,resultados,7493,0,punta-cana-republica-dominicana,31-03-2021,07-04-2021
delfos,hoteles,resultados,7662,0,recife-brasil,23-12-2020,30-12-2020
delfos,hoteles,resultados,7753,0,rio-de-janeiro-brasil,08-01-2021,15-01-2021
delfos,hoteles,resultados,7753,0,rio-de-janeiro-brasil,13-03-2021,21-03-2021
delfos,hoteles,resultados,7999,0,saint-marteen-antillas-neerlandesas,21-04-2021,28-04-2021
delfos,hoteles,resultados,8066,0,salta-argentina,18-07-2021,25-07-2021
delfos,hoteles,resultados,8066,0,salta-argentina,18-07-2021,25-07-2021
delfos,hoteles,resultados,8070,0,salvador-brasil,05-02-2021,13-02-2021
delfos,hoteles,resultados,8088,0,san-andres-island-colombia,01-02-2021,10-02-2021
delfos,hoteles,resultados,8100,0,san-carlos-de-bariloche-argentina,04-03-2021,09-03-2021
delfos,hoteles,resultados,8100,0,san-carlos-de-bariloche-argentina,04-03-2021,09-03-2021
delfos,hoteles,resultados,8100,0,san-carlos-de-bariloche-argentina,04-03-2021,11-03-2021
delfos,hoteles,resultados,8100,0,san-carlos-de-bariloche-argentina,04-03-2021,11-03-2021
delfos,hoteles,resultados,8100,0,san-carlos-de-bariloche-argentina,10-08-2021,17-08-2021
delfos,hoteles,resultados,8100,0,san-carlos-de-bariloche-argentina,12-03-2021,16-03-2021
delfos,hoteles,resultados,8100,0,san-carlos-de-bariloche-argentina,15-01-2021,22-01-2021
delfos,hoteles,resultados,8100,0,san-carlos-de-bariloche-argentina,18-07-2021,25-07-2021
delfos,hoteles,resultados,9622,0,ushuaia-argentina,06-03-2021,09-03-2021
delfos,hoteles,resultados,9622,0,ushuaia-argentina,23-02-2021,27-02-2021
delfos,hoteles,resultados,9698,0,varadero-cuba,03-03-2021,07-03-2021
delfos,hoteles,resultados,9698,0,varadero-cuba,15-05-2021,15-05-2021
delfos,hoteles,resultados,9698,0,varadero-cuba,21-03-2021,27-03-2021
delfos,productos,detalle,1304,circuito-joyas-del-este,tipo,productos,1
delfos,productos,detalle,32807,bariloche-clasico,tipo,productos,1
delfos,productos,detalle,32965,salta-quebrada-e-iruya,tipo,productos,1
delfos,productos,detalle,32967,salta-san-antonio-de-los-cobres-y-purmamarca,tipo,productos,1
delfos,productos,detalle,32971,el-calafate-el-chalten,tipo,productos,1
delfos,productos,detalle,43568,salta-cachi-y-cafayate-en-auto,tipo,productos,1
delfos,productos,detalle,43570,calafate-kayak-experiencia-4x4,tipo,productos,1
delfos,productos,detalle,832,rio-de-janeiro-buzios,tipo,productos,1
delfos,vuelos,resultados,BUE,COR,19-01-2021,,adultos
delfos,vuelos,resultados,BUE,CUN,04-05-2021,11-05-2021,adultos
delfos,vuelos,resultados,BUE,CUN,23-01-2021,13-02-2021,adultos
delfos,vuelos,resultados,BUE,PUJ,09-01-2021,16-01-2021,adultos
delfos,vuelos,resultados,BUE,RIO,17-03-2021,24-03-2021,adultos
delfos,vuelos,resultados,BUE,RIO,19-03-2021,24-03-2021,adultos
delfos,vuelos,resultados,COR,BUE,29-12-2020,,adultos
delfos,vuelos,resultados,COR,BUE,30-12-2020,,adultos
delfos,vuelos,resultados,COR,CUN,22-01-2021,06-02-2021,adultos
delfos,vuelos,resultados,COR,CUN,23-01-2021,13-02-2021,adultos
delfos,vuelos,resultados,EZE,CUN,03-01-2021,26-03-2021,adultos
delfos,vuelos,resultados,EZE,CUN,31-12-2020,29-03-2021,adultos
delfos,vuelos,resultados,SCL,CUN,04-05-2021,11-05-2021,adultos
delfost,hoteles,resultados,1537,0,cancuncosta-mujeres-mexico,21-06-2021,23-06-2021
delfost,hoteles,resultados,7200,0,playa-del-carmenriviera-maya-mexico,21-06-2021,28-06-2021
delfost,hoteles,resultados,8100,0,san-carlos-de-bariloche-argentina,16-01-2021,26-01-2021
delfost,vuelos,resultados,BUE,MIA,LAX,MIA,LAX
dilystours,productos,detalle,314,salvador-de-bahia,tipo,productos,1
dilystours,productos,detalle,32277,porto-seguro,tipo,productos,1
dilystours,productos,detalle,43281,angra-dos-reis,token,00000000-0000-0000-0000-000000000000&tipo,productos
dipviajes,hoteles,resultados,10378,0,cayo-santa-maria-cuba,06-08-2021,15-08-2021
dipviajes,hoteles,resultados,1441,0,buzios-brasil,20-01-2021,27-01-2021
dipviajes,hoteles,resultados,1441,0,buzios-brasil,20-01-2021,27-01-2021
dipviajes,hoteles,resultados,1537,0,cancuncosta-mujeres-mexico,20-01-2021,27-01-2021
dipviajes,hoteles,resultados,6305,0,natal-brasil,11-03-2021,18-03-2021
dipviajes,hoteles,resultados,6305,0,natal-brasil,12-03-2021,19-03-2021
dipviajes,hoteles,resultados,6305,0,natal-brasil,13-01-2021,20-01-2021
dipviajes,hoteles,resultados,6305,0,natal-brasil,13-03-2021,20-03-2021
dipviajes,hoteles,resultados,6305,0,natal-brasil,14-01-2021,21-01-2021
dipviajes,hoteles,resultados,6305,0,natal-brasil,14-03-2021,21-03-2021
dipviajes,hoteles,resultados,6305,0,natal-brasil,15-03-2021,22-03-2021
dipviajes,hoteles,resultados,6305,0,natal-brasil,16-01-2021,23-01-2021
dipviajes,hoteles,resultados,6305,0,natal-brasil,16-01-2021,24-01-2021
dipviajes,hoteles,resultados,6305,0,natal-brasil,18-01-2021,25-01-2021
dipviajes,hoteles,resultados,7200,0,playa-del-carmenriviera-maya-mexico,02-02-2021,12-02-2021
dipviajes,hoteles,resultados,7200,0,playa-del-carmenriviera-maya-mexico,24-05-2021,31-05-2021
dipviajes,hoteles,resultados,7200,0,playa-del-carmenriviera-maya-mexico,24-05-2021,31-05-2021
dipviajes,hoteles,resultados,7355,0,porto-seguro-brasil,24-05-2021,31-05-2021
dipviajes,hoteles,resultados,7493,0,punta-cana-republica-dominicana,24-05-2021,31-05-2021
dipviajes,hoteles,resultados,7493,0,punta-cana-republica-dominicana,24-05-2021,31-05-2021
dipviajes,hoteles,resultados,7753,0,rio-de-janeiro-brasil,20-01-2021,27-01-2021
dipviajes,vuelos,resultados,BUE,FTE,USH,FTE,USH
dipviajes,vuelos,resultados,BUE,USH,FTE,USH,FTE
dipviajes,vuelos,resultados,BUE,USH,FTE,USH,FTE
dipviajes,vuelos,resultados,BUE,USH,FTE,USH,FTE
dipviajes,vuelos,resultados,BUE,USH,FTE,USH,FTE
dipviajes,vuelos,resultados,BUE,USH,FTE,USH,FTE
dipviajes,vuelos,resultados,BUE,USH,FTE,USH,FTE
dipviajes,vuelos,resultados,BUE,USH,FTE,USH,FTE
dipviajes,vuelos,resultados,BUE,USH,FTE,USH,FTE
dipviajes,vuelos,resultados,BUE,BCN,10-05-2021,28-05-2021,adultos
dipviajes,vuelos,resultados,BUE,BRC,03-01-2021,07-01-2021,adultos
dipviajes,vuelos,resultados,BUE,BRC,04-01-2021,08-01-2021,adultos
dipviajes,vuelos,resultados,BUE,BRC,05-01-2021,09-01-2021,adultos
dipviajes,vuelos,resultados,BUE,BRC,08-01-2021,12-01-2021,adultos
dipviajes,vuelos,resultados,BUE,BRC,11-01-2021,15-01-2021,adultos
dipviajes,vuelos,resultados,BUE,BRC,14-01-2021,18-01-2021,adultos
dipviajes,vuelos,resultados,BUE,BRC,16-01-2021,20-01-2021,adultos
dipviajes,vuelos,resultados,BUE,BRC,16-01-2021,22-01-2021,adultos
dipviajes,vuelos,resultados,BUE,BRC,16-01-2021,22-01-2021,adultos
dipviajes,vuelos,resultados,BUE,BRC,16-02-2021,20-02-2021,adultos
dipviajes,vuelos,resultados,BUE,BRC,17-01-2021,24-01-2021,adultos
dipviajes,vuelos,resultados,BUE,BRC,17-12-2020,21-12-2020,adultos
dipviajes,vuelos,resultados,BUE,BRC,20-02-2021,24-02-2021,adultos
dipviajes,vuelos,resultados,BUE,BRC,21-02-2021,25-02-2021,adultos
dipviajes,vuelos,resultados,BUE,CUN,01-02-2021,11-02-2021,adultos
dipviajes,vuelos,resultados,BUE,CUN,02-02-2021,12-02-2021,adultos
dipviajes,vuelos,resultados,BUE,CUN,10-05-2021,28-05-2021,adultos
dipviajes,vuelos,resultados,BUE,CUN,30-01-2021,09-02-2021,adultos
dipviajes,vuelos,resultados,BUE,CUN,31-01-2021,09-02-2021,adultos
dipviajes,vuelos,resultados,BUE,HAV,06-08-2021,15-08-2021,adultos
dipviajes,vuelos,resultados,BUE,IGR,03-01-2021,06-01-2021,adultos
dipviajes,vuelos,resultados,BUE,IGR,04-01-2021,07-01-2021,adultos
dipviajes,vuelos,resultados,BUE,IGR,04-01-2021,07-01-2021,adultos
dipviajes,vuelos,resultados,BUE,IGR,04-01-2021,07-01-2021,adultos
dipviajes,vuelos,resultados,BUE,IGR,06-01-2021,09-01-2021,adultos
dipviajes,vuelos,resultados,BUE,IGR,18-01-2021,21-01-2021,adultos
dipviajes,vuelos,resultados,BUE,MDQ,01-01-2021,04-01-2021,adultos
dipviajes,vuelos,resultados,BUE,MDQ,01-01-2021,09-01-2021,adultos
dipviajes,vuelos,resultados,BUE,MDQ,02-01-2021,09-01-2021,adultos
dipviajes,vuelos,resultados,BUE,MDQ,02-01-2021,10-01-2021,adultos
dipviajes,vuelos,resultados,BUE,MDQ,03-01-2021,11-01-2021,adultos
dipviajes,vuelos,resultados,BUE,MDQ,08-01-2021,11-01-2021,adultos
dipviajes,vuelos,resultados,BUE,MDQ,08-01-2021,11-01-2021,adultos
dipviajes,vuelos,resultados,BUE,MDQ,08-01-2021,14-01-2021,adultos
dipviajes,vuelos,resultados,BUE,MDQ,08-01-2021,15-01-2021,adultos
dipviajes,vuelos,resultados,BUE,MDZ,09-08-2021,13-08-2021,adultos
dipviajes,vuelos,resultados,BUE,MDZ,21-02-2021,25-02-2021,adultos
dipviajes,vuelos,resultados,BUE,NAT,11-01-2021,19-01-2021,adultos
dipviajes,vuelos,resultados,BUE,NAT,12-01-2021,19-01-2021,adultos
dipviajes,vuelos,resultados,BUE,NAT,13-01-2021,20-01-2021,adultos
dipviajes,vuelos,resultados,BUE,NAT,14-01-2021,21-01-2021,adultos
dipviajes,vuelos,resultados,BUE,PUJ,25-05-2021,01-06-2021,adultos
dipviajes,vuelos,resultados,BUE,PUJ,26-05-2021,02-06-2021,adultos
dipviajes,vuelos,resultados,BUE,RIO,03-01-2021,10-01-2021,adultos
dipviajes,vuelos,resultados,BUE,USH,16-01-2021,22-01-2021,adultos
dogma,vuelos,resultados,COR,FTE,USH,FTE,USH
dubaiviajesgralpaz,cotizador-offline,home,resultados,SMA,08-01-2021,17-01-2021,1
ecotur,hoteles,detalle,JP115371,orlando-estados-unidos,27-12-2020,02-01-2021,1
ecotur,hoteles,detalle,JP982161,orlando-estados-unidos,27-12-2020,02-01-2021,1
ecotur,vuelos,resultados,BUE,DAR,04-01-2021,14-02-2021,adultos
elephastravel,hoteles,resultados,7200,0,playa-del-carmenriviera-maya-mexico,14-02-2021,21-02-2021
elephastravel,vuelos,resultados,BUE,MDZ,06-03-2021,14-03-2021,adultos
eltucutucuviajesyturismo,vuelos,resultados,BRC,ZOS,05-01-2021,,adultos
eltucutucuviajesyturismo,vuelos,resultados,BRC,ZOS,06-01-2021,,adultos
eltucutucuviajesyturismo,vuelos,resultados,BUE,TUC,21-12-2020,21-12-2020,adultos
eltucutucuviajesyturismo,vuelos,resultados,BUE,TUC,22-12-2020,23-12-2020,adultos
eltucutucuviajesyturismo,vuelos,resultados,TUC,BRC,01-01-2021,,adultos
eltucutucuviajesyturismo,vuelos,resultados,TUC,BRC,13-01-2021,,adultos
eltucutucuviajesyturismo,vuelos,resultados,TUC,BUE,15-12-2020,15-12-2020,adultos
essenya,hoteles,resultados,1537,0,cancuncosta-mujeres-mexico,21-02-2021,02-03-2021
essenya,hoteles,resultados,7200,0,playa-del-carmenriviera-maya-mexico,21-02-2021,02-03-2021
expendertravel,hoteles,resultados,5858,0,miramar-argentina,10-02-2021,17-02-2021
expendertravel,hoteles,resultados,7162,0,pinamar-argentina,10-02-2021,17-02-2021
expendertravel,hoteles,resultados,7162,0,pinamar-argentina,10-02-2021,17-02-2021
expendertravel,hoteles,resultados,7162,0,pinamar-argentina,10-02-2021,17-02-2021
expendertravel,hoteles,resultados,7162,0,pinamar-argentina,10-02-2021,17-02-2021
expendertravel,hoteles,resultados,7162,0,pinamar-argentina,10-02-2021,17-02-2021
expendertravel,hoteles,resultados,7162,0,pinamar-argentina,10-02-2021,18-02-2021
expendertravel,hoteles,resultados,9784,0,villa-gesell-argentina,10-02-2021,17-02-2021
flysoonviajes,hoteles,resultados,12550,0,xcaret-mexico,06-03-2021,10-03-2021
flysoonviajes,vuelos,resultados,BUE,ADZ,01-02-2021,10-02-2021,adultos
flysoonviajes,vuelos,resultados,BUE,CUN,01-02-2021,10-02-2021,adultos
flysoonviajes,vuelos,resultados,BUE,PUJ,01-02-2021,10-02-2021,adultos
fpasesoramientosturisticossrl,hoteles,resultados,6336,0,negril-jamaica,02-03-2021,09-03-2021
ganeshaviajes,vuelos,resultados,EZE,CUN,04-01-2021,27-03-2021,clase
ganeshaviajes,vuelos,resultados,EZE,CUN,06-01-2021,,clase
ganeshaviajes,vuelos,resultados,EZE,CUN,06-01-2021,16-01-2021,clase
ganeshaviajes,vuelos,resultados,EZE,CUN,06-01-2021,17-01-2021,clase
ganeshaviajes,vuelos,resultados,EZE,CUN,06-01-2021,18-01-2021,clase
ganeshaviajes,vuelos,resultados,EZE,CUN,08-01-2021,18-01-2021,clase
ganeshaviajes,vuelos,resultados,EZE,CUN,12-01-2021,20-01-2021,clase
ganeshaviajes,vuelos,resultados,EZE,CUN,23-01-2021,,clase
ganeshaviajes,vuelos,resultados,EZE,CUN,23-01-2021,01-02-2021,clase
ganeshaviajes,vuelos,resultados,EZE,CUN,25-01-2021,04-02-2021,clase
ganeshaviajes,vuelos,resultados,EZE,CUN,25-01-2021,07-02-2021,clase
garzonviajesyturismo,vuelos,resultados,MDZ,SCL,01-01-2021,10-01-2021,adultos
garzonviajesyturismo,vuelos,resultados,MDZ,SCL,31-12-2020,10-01-2021,adultos
globetrotters,hoteles,resultados,10342,0,akumal-mexico,18-01-2021,21-01-2021
globetrotters,hoteles,resultados,10342,0,akumal-mexico,18-01-2021,22-01-2021
globetrotters,hoteles,resultados,5792,0,mexico-city-mexico-df-mexico,08-01-2021,13-01-2021
globetrotters,hoteles,resultados,7200,0,playa-del-carmenriviera-maya-mexico,13-01-2021,16-01-2021
globetrotters,hoteles,resultados,7200,0,playa-del-carmenriviera-maya-mexico,18-01-2021,21-01-2021
globetrotters,hoteles,resultados,7200,0,playa-del-carmenriviera-maya-mexico,18-01-2021,21-01-2021
globetrotters,hoteles,resultados,9486,0,tulum-mexico,18-01-2021,21-01-2021
gowgroupofwind,hoteles,resultados,10376,0,jericoacoara-brasil,01-09-2021,11-09-2021
gowgroupofwind,hoteles,resultados,10376,0,jericoacoara-brasil,01-09-2021,13-09-2021
gracielaudrisar,vuelos,resultados,BUE,CUN,24-12-2020,30-01-2021,adultos
gracielaudrisar,vuelos,resultados,BUE,CUN,26-12-2020,01-02-2021,adultos
gracielaudrisar,vuelos,resultados,BUE,CUN,26-12-2020,27-01-2021,adultos
gracielaudrisar,vuelos,resultados,BUE,CUN,26-12-2020,29-01-2021,adultos
gracielaudrisar,vuelos,resultados,BUE,CUN,26-12-2020,29-01-2021,adultos
gracielaudrisar,vuelos,resultados,BUE,CUN,28-12-2020,28-01-2021,adultos
gramitour,vuelos,resultados,BUE,UIO,06-02-2021,18-02-2021,adultos
gramitour,vuelos,resultados,BUE,UIO,06-02-2021,18-02-2021,adultos
grupodiset,vuelos,resultados,BUE,MRR,18-01-2021,,adultos
grupodiset,vuelos,resultados,BUE,SPO,18-01-2021,,adultos
guelcom,hoteles,resultados,2577,0,el-calafate-argentina,22-03-2021,25-03-2021
guelcom,hoteles,resultados,8088,0,san-andres-island-colombia,02-02-2021,09-02-2021
guelcom,hoteles,resultados,9622,0,ushuaia-argentina,18-03-2021,22-03-2021
himalayarioiv,hoteles,resultados,10346,0,bayahibe-republica-dominicana,20-12-2020,30-12-2020
himalayarioiv,hoteles,resultados,10350,0,porto-de-galinhas-brasil,03-10-2021,11-10-2021
himalayarioiv,hoteles,resultados,10365,0,angra-dos-reis-brasil,11-10-2021,15-10-2021
himalayarioiv,hoteles,resultados,6305,0,natal-brasil,04-10-2021,12-10-2021
himalayarioiv,hoteles,resultados,7493,0,punta-cana-republica-dominicana,03-10-2021,11-10-2021
himalayarioiv,hoteles,resultados,7493,0,punta-cana-republica-dominicana,20-12-2020,06-01-2021
himalayarioiv,hoteles,resultados,7493,0,punta-cana-republica-dominicana,30-12-2020,06-01-2021
himalayarioiv,hoteles,resultados,7753,0,rio-de-janeiro-brasil,09-03-2021,10-03-2021
himalayarioiv,productos,detalle,32804,iguazu-clasico,1,1,00:01:12
himalayarioiv,productos,detalle,32955,peru-un-clasico-peru-i,1,1,00:00:47
himalayarioiv,productos,detalle,32963,tucuman-salta-y-jujuy,1,1,00:00:00
himalayarioiv,productos,detalle,32971,el-calafate-el-chalten,tipo,productos,1
himalayarioiv,vuelos,resultados,BUE,FTE,05-03-2021,13-03-2021,adultos
himalayarioiv,vuelos,resultados,BUE,FTE,07-03-2021,15-03-2021,adultos
himalayarioiv,vuelos,resultados,BUE,GIG,03-03-2021,11-03-2021,adultos
himalayarioiv,vuelos,resultados,BUE,GIG,03-03-2021,12-03-2021,adultos
himalayarioiv,vuelos,resultados,BUE,GIG,04-03-2021,13-03-2021,adultos
himalayarioiv,vuelos,resultados,BUE,GIG,04-03-2021,14-03-2021,adultos
himalayarioiv,vuelos,resultados,BUE,IGR,13-02-2021,20-02-2021,adultos
himalayarioiv,vuelos,resultados,BUE,IGR,14-02-2021,18-02-2021,adultos
himalayarioiv,vuelos,resultados,BUE,IGR,14-02-2021,21-02-2021,adultos
himalayarioiv,vuelos,resultados,BUE,IGR,20-12-2020,06-01-2021,adultos
himalayarioiv,vuelos,resultados,BUE,PUJ,18-12-2020,07-01-2021,adultos
himalayarioiv,vuelos,resultados,BUE,PUJ,20-12-2020,06-01-2021,adultos
himalayarioiv,vuelos,resultados,BUE,PUJ,20-12-2020,07-01-2021,adultos
himalayarioiv,vuelos,resultados,BUE,PUJ,20-12-2020,07-01-2021,adultos
himalayarioiv,vuelos,resultados,BUE,PUJ,21-12-2020,07-01-2021,adultos
himalayarioiv,vuelos,resultados,COR,FTE,05-03-2021,13-03-2021,adultos
himalayarioiv,vuelos,resultados,COR,FTE,07-03-2021,15-03-2021,adultos
himalayarioiv,vuelos,resultados,COR,FTE,09-03-2021,18-03-2021,adultos
himalayarioiv,vuelos,resultados,COR,FTE,10-03-2021,18-03-2021,adultos
himalayarioiv,vuelos,resultados,COR,FTE,10-03-2021,18-03-2021,adultos
himalayarioiv,vuelos,resultados,COR,FTE,10-03-2021,19-03-2021,adultos
himalayarioiv,vuelos,resultados,COR,IGR,12-02-2021,16-02-2021,adultos
himalayarioiv,vuelos,resultados,COR,IGR,14-02-2021,18-02-2021,adultos
himalayarioiv,vuelos,resultados,COR,IGR,14-03-2021,18-03-2021,adultos
himalayarioiv,vuelos,resultados,COR,IGR,16-05-2021,20-05-2021,adultos
himalayarioiv,vuelos,resultados,COR,IGR,17-05-2021,21-05-2021,adultos
himalayarioiv,vuelos,resultados,COR,NAT,01-10-2021,09-10-2021,adultos
himalayarioiv,vuelos,resultados,COR,NAT,04-10-2021,12-10-2021,adultos
himalayarioiv,vuelos,resultados,COR,NAT,04-10-2021,12-10-2021,adultos
himalayaviajescordoba,vuelos,resultados,COR,MCZ,20-12-2020,24-01-2021,adultos
himalayaviajescordoba,vuelos,resultados,COR,MCZ,21-12-2020,23-01-2021,adultos
himalayaviajescordoba,vuelos,resultados,COR,MCZ,22-12-2020,23-01-2021,adultos
himalayaviajescordoba,vuelos,resultados,COR,MCZ,22-12-2020,24-01-2021,adultos
himalayaviajescordoba,vuelos,resultados,EZE,COR,15-12-2020,,adultos
himalayaviajescordoba,vuelos,resultados,EZE,COR,16-12-2020,,adultos
himalayaviajescordoba,vuelos,resultados,EZE,COR,17-12-2020,,adultos
himalayaviajescordoba,vuelos,resultados,EZE,COR,18-12-2020,,adultos
himalayaviajescordoba,vuelos,resultados,EZE,COR,19-12-2020,,adultos
himalayaviajescordoba,vuelos,resultados,EZE,COR,20-12-2020,,adultos
himalayaviajescordoba,vuelos,resultados,EZE,COR,21-12-2020,,adultos
himalayaviajescordoba,vuelos,resultados,EZE,COR,22-12-2020,,adultos
himalayaviajescordoba,vuelos,resultados,EZE,COR,23-12-2020,,adultos
huelladeviaje,vuelos,resultados,COR,BRC,09-03-2021,16-03-2021,adultos
iconoviajes,vuelos,resultados,MDZ,MIA,01-01-2021,10-01-2021,adultos
imviajes,productos,detalle,32974,calafate-ushuaia,tipo,productos,1
imviajes,vuelos,resultados,BUE,CUN,10-01-2021,17-01-2021,adultos
imviajes,vuelos,resultados,BUE,CUN,12-01-2021,18-01-2021,adultos
imviajes,vuelos,resultados,BUE,CUN,13-01-2021,18-01-2021,adultos
imviajes,vuelos,resultados,COR,CUN,10-01-2021,17-01-2021,adultos
juanpabloloconte,hoteles,resultados,7200,0,playa-del-carmenriviera-maya-mexico,03-03-2021,10-03-2021
juanpabloloconte,hoteles,resultados,7200,0,playa-del-carmenriviera-maya-mexico,03-03-2021,13-03-2021
juanpabloloconte,hoteles,resultados,7200,0,playa-del-carmenriviera-maya-mexico,10-03-2021,20-03-2021
laperladeloeste,vuelos,resultados,BUE,PUJ,02-05-2021,09-05-2021,clase
laquintaviajes,vuelos,resultados,BUE,CTG,ADZ,CTG,ADZ
laquintaviajes,vuelos,resultados,BUE,REC,01-02-2021,09-02-2021,adultos
laquintaviajes,vuelos,resultados,BUE,REC,01-02-2021,09-02-2021,adultos
Lastminute,vuelos,resultados,BUE,AGP,25-02-2021,18-03-2021,adultos
Lastminute,vuelos,resultados,BUE,AGP,29-12-2020,04-02-2021,adultos
Lastminute,vuelos,resultados,BUE,VLC,25-02-2021,18-03-2021,adultos
Lastminute,vuelos,resultados,COR,MIA,25-02-2021,18-03-2021,adultos
Lastminute,vuelos,resultados,COR,VLC,25-02-2021,18-03-2021,adultos
lifetrip,vuelos,resultados,MDZ,PUJ,16-02-2021,24-02-2021,adultos
losterrones,productos,detalle,32974,calafate-ushuaia,tipo,productos,1
lunagui,vuelos,resultados,COR,CRD,15-12-2020,13-01-2021,adultos
lunagui,vuelos,resultados,COR,CRD,21-12-2020,13-01-2021,adultos
lunagui,vuelos,resultados,COR,CRD,21-12-2020,22-01-2021,adultos
lunagui,vuelos,resultados,COR,CRD,22-12-2020,01-02-2021,adultos
lunagui,vuelos,resultados,COR,CRD,24-12-2020,01-02-2021,adultos
lunagui,vuelos,resultados,COR,CRD,24-12-2020,22-01-2021,adultos
lunagui,vuelos,resultados,COR,CRD,24-12-2020,24-01-2021,adultos
lunagui,vuelos,resultados,COR,CRD,24-12-2020,25-01-2021,adultos
lunagui,vuelos,resultados,COR,FLN,01-02-2021,08-02-2021,adultos
lunagui,vuelos,resultados,COR,FLN,02-02-2021,10-02-2021,adultos
lunagui,vuelos,resultados,COR,GIG,07-03-2021,14-03-2021,adultos
lunagui,vuelos,resultados,COR,GIG,08-03-2021,14-03-2021,adultos
lunagui,vuelos,resultados,COR,GIG,09-03-2021,16-03-2021,adultos
lunagui,vuelos,resultados,COR,IGR,09-03-2021,20-03-2021,adultos
lunagui,vuelos,resultados,COR,IGR,14-03-2021,25-03-2021,adultos
lunagui,vuelos,resultados,COR,IGR,14-03-2021,25-03-2021,adultos
lunagui,vuelos,resultados,IGU,GIG,14-03-2021,25-03-2021,adultos
malawi,vuelos,resultados,ROS,IGR,07-10-2021,10-10-2021,adultos
malawi,vuelos,resultados,ROS,IGR,07-10-2021,10-10-2021,adultos
malawi,vuelos,resultados,ROS,IGR,07-10-2021,11-10-2021,adultos
malawi,vuelos,resultados,ROS,IGR,07-10-2021,12-10-2021,adultos
malawi,vuelos,resultados,ROS,IGR,09-10-2021,10-10-2021,adultos
malawi,vuelos,resultados,ROS,IGR,09-10-2021,12-10-2021,adultos
malawi,vuelos,resultados,ROS,MDZ,08-10-2021,12-10-2021,adultos
malawi,vuelos,resultados,ROS,MDZ,08-10-2021,13-10-2021,adultos
marencoviajesyturismo,vuelos,resultados,BUE,CUN,02-01-2021,12-01-2021,adultos
marencoviajesyturismo,vuelos,resultados,BUE,CUN,02-01-2021,15-01-2021,adultos
marencoviajesyturismo,vuelos,resultados,BUE,CUN,03-01-2021,12-01-2021,adultos
marencoviajesyturismo,vuelos,resultados,BUE,CUN,03-01-2021,13-01-2021,adultos
marencoviajesyturismo,vuelos,resultados,BUE,CUN,03-01-2021,13-01-2021,adultos
marencoviajesyturismo,vuelos,resultados,BUE,CUN,04-01-2021,13-01-2021,adultos
marencoviajesyturismo,vuelos,resultados,BUE,CUN,31-12-2020,12-01-2021,adultos
marielalonneturismo,vuelos,resultados,BUE,HNL,MIA,HNL,MIA
marielalonneturismo,vuelos,resultados,BUE,HNL,MIA,HNL,MIA
marielalonneturismo,vuelos,resultados,BUE,MIA,CUN,MIA,CUN
marielalonneturismo,vuelos,resultados,BUE,MIA,LAX,MIA,LAX
marielalonneturismo,vuelos,resultados,BUE,MIA,LAX,MIA,LAX
marielalonneturismo,vuelos,resultados,BUE,BCN,09-06-2021,06-09-2021,adultos
marielalonneturismo,vuelos,resultados,BUE,BCN,22-06-2021,16-09-2021,adultos
marielalonneturismo,vuelos,resultados,BUE,BCN,23-06-2021,16-09-2021,adultos
marielalonneturismo,vuelos,resultados,BUE,BPS,12-06-2021,19-06-2021,adultos
marielalonneturismo,vuelos,resultados,BUE,BPS,15-05-2021,22-05-2021,adultos
marielalonneturismo,vuelos,resultados,BUE,BPS,17-04-2021,24-04-2021,adultos
marielalonneturismo,vuelos,resultados,BUE,BPS,24-04-2021,01-05-2021,adultos
marielalonneturismo,vuelos,resultados,BUE,BPS,25-04-2021,02-05-2021,adultos
marielalonneturismo,vuelos,resultados,BUE,IST,01-10-2021,29-10-2021,adultos
marielalonneturismo,vuelos,resultados,BUE,ROM,23-01-2021,09-02-2021,adultos
marielalonneturismo,vuelos,resultados,BUE,ROM,24-01-2021,03-02-2021,adultos
marielalonneturismo,vuelos,resultados,BUE,ROM,24-01-2021,07-02-2021,adultos
marielalonneturismo,vuelos,resultados,BUE,ROM,25-01-2021,05-02-2021,adultos
marielalonneturismo,vuelos,resultados,BUE,ROM,26-01-2021,06-02-2021,adultos
marielalonneturismo,vuelos,resultados,BUE,ROM,27-01-2021,07-02-2021,adultos
marielalonneturismo,vuelos,resultados,BUE,ROM,28-01-2021,08-02-2021,adultos
marielalonneturismo,vuelos,resultados,BUE,ROM,29-01-2021,09-02-2021,adultos
marielalonneturismo,vuelos,resultados,BUE,SCL,14-01-2021,11-02-2021,adultos
marielalonneturismo,vuelos,resultados,BUE,SCL,15-01-2021,11-02-2021,adultos
marielalonneturismo,vuelos,resultados,BUE,SCL,15-01-2021,11-02-2021,adultos
martesatours,vuelos,resultados,BUE,AUA,19-09-2021,28-09-2021,adultos
martineztravelgroup,vuelos,resultados,BUE,FTE,USH,FTE,USH
martineztravelgroup,vuelos,resultados,BUE,FTE,USH,FTE,USH
martineztravelgroup,vuelos,resultados,BUE,FTE,USH,FTE,USH
martineztravelgroup,vuelos,resultados,BUE,FTE,USH,FTE,USH
martineztravelgroup,vuelos,resultados,BUE,FTE,USH,FTE,USH
martineztravelgroup,vuelos,resultados,BUE,FTE,USH,FTE,USH
martineztravelgroup,vuelos,resultados,BUE,FTE,USH,FTE,USH
martineztravelgroup,vuelos,resultados,BUE,FTE,USH,FTE,USH
martineztravelgroup,vuelos,resultados,BUE,FTE,USH,FTE,USH
martineztravelgroup,vuelos,resultados,ROS,IGR,01-09-2021,06-09-2021,adultos
martineztravelgroup,vuelos,resultados,ROS,IGR,03-08-2021,08-08-2021,adultos
martineztravelgroup,vuelos,resultados,ROS,IGR,04-09-2021,09-09-2021,adultos
martineztravelgroup,vuelos,resultados,ROS,IGR,04-09-2021,09-09-2021,adultos
martineztravelgroup,vuelos,resultados,ROS,IGR,06-05-2021,11-05-2021,adultos
martineztravelgroup,vuelos,resultados,ROS,IGR,06-05-2021,11-05-2021,adultos
martineztravelgroup,vuelos,resultados,ROS,IGR,08-05-2021,13-05-2021,adultos
martineztravelgroup,vuelos,resultados,ROS,IGR,08-05-2021,13-05-2021,adultos
martineztravelgroup,vuelos,resultados,ROS,IGR,08-10-2021,13-10-2021,adultos
martineztravelgroup,vuelos,resultados,ROS,IGR,10-08-2021,15-08-2021,adultos
martineztravelgroup,vuelos,resultados,ROS,IGR,10-09-2021,15-09-2021,adultos
martineztravelgroup,vuelos,resultados,ROS,IGR,15-09-2021,22-09-2021,adultos
martineztravelgroup,vuelos,resultados,ROS,IGR,15-10-2021,20-10-2021,adultos
martineztravelgroup,vuelos,resultados,ROS,IGR,17-08-2021,22-08-2021,adultos
martineztravelgroup,vuelos,resultados,ROS,IGR,21-08-2021,25-08-2021,adultos
martineztravelgroup,vuelos,resultados,ROS,IGR,21-08-2021,26-08-2021,adultos
martineztravelgroup,vuelos,resultados,ROS,IGR,22-09-2021,27-09-2021,adultos
martineztravelgroup,vuelos,resultados,ROS,IGR,22-10-2021,27-10-2021,adultos
martineztravelgroup,vuelos,resultados,ROS,IGR,24-08-2021,28-08-2021,adultos
martineztravelgroup,vuelos,resultados,ROS,IGR,24-08-2021,29-08-2021,adultos
martineztravelgroup,vuelos,resultados,ROS,IGR,26-08-2021,30-08-2021,adultos
martineztravelgroup,vuelos,resultados,ROS,IGR,29-09-2021,04-10-2021,adultos
mcgviajesyturismo,hoteles,resultados,10344,0,imbassai-brasil,14-03-2021,21-03-2021
mcgviajesyturismo,hoteles,resultados,10344,0,imbassai-brasil,21-03-2021,28-03-2021
mcgviajesyturismo,vuelos,resultados,CNQ,FTE,06-01-2021,09-01-2021,adultos
mcgviajesyturismo,vuelos,resultados,CNQ,FTE,09-02-2021,13-02-2021,adultos
mcgviajesyturismo,vuelos,resultados,CNQ,FTE,15-02-2021,18-02-2021,adultos
mcgviajesyturismo,vuelos,resultados,COR,FTE,06-01-2021,12-02-2021,adultos
mcgviajesyturismo,vuelos,resultados,COR,FTE,08-02-2021,12-02-2021,adultos
mcgviajesyturismo,vuelos,resultados,COR,FTE,09-02-2021,13-02-2021,adultos
melisamunoz,hoteles,resultados,8260,0,santiago-de-chile-chile,06-01-2021,09-01-2021
melisamunoz,vuelos,resultados,BUE,SCL,12-01-2021,15-01-2021,adultos
mondeviajes,vuelos,resultados,ASU,PUJ,09-05-2021,16-05-2021,adultos
mondeviajes,vuelos,resultados,ASU,PUJ,09-05-2021,16-05-2021,adultos
mondeviajes,vuelos,resultados,ASU,PUJ,11-04-2021,18-04-2021,adultos
mondeviajes,vuelos,resultados,EZE,PUJ,09-05-2021,16-05-2021,adultos
mondeviajes,vuelos,resultados,IGU,RIO,24-01-2021,30-01-2021,adultos
mondeviajes,vuelos,resultados,IGU,RIO,24-01-2021,30-01-2021,adultos
mooreatravel,vuelos,resultados,MDQ,IGR,03-03-2021,07-03-2021,adultos
nantestour,hoteles,resultados,7493,0,punta-cana-republica-dominicana,10-01-2021,11-01-2021
newbiztravel,hoteles,resultados,5972,0,montego-bay-jamaica,02-03-2021,09-03-2021
newbiztravel,hoteles,resultados,6336,0,negril-jamaica,23-02-2021,02-03-2021
nicolasnapolitano,vuelos,resultados,BUE,LIM,08-01-2021,07-02-2021,adultos
nicolasnapolitano,vuelos,resultados,BUE,LIM,09-01-2021,07-02-2021,adultos
nicolasnapolitano,vuelos,resultados,BUE,LIM,12-01-2021,07-02-2021,adultos
noroesteviajes,paquetes,detalle,43365,buzios-2021,resultados,origen_id,24226&salida
noroesteviajes,productos,detalle,305,buzios,1,1,00:00:15
oliviatravel,cotizador-offline,home,resultados,CUN,23-12-2020,30-12-2020,1
onetrip,hoteles,detalle,309,el-calafate-argentina,06-03-2021,09-03-2021,1
onetrip,hoteles,resultados,10384,0,villa-la-angostura-argentina,18-02-2021,23-02-2021
onetrip,hoteles,resultados,1537,0,cancuncosta-mujeres-mexico,25-01-2021,31-01-2021
onetrip,hoteles,resultados,8066,0,salta-argentina,11-01-2021,18-01-2021
onetrip,hoteles,resultados,8066,0,salta-argentina,11-01-2022,18-01-2022
onetrip,hoteles,resultados,8146,0,san-martin-de-los-andes-argentina,01-08-2021,08-08-2021
onetrip,productos,detalle,32810,mendoza-clasico,tipo,productos,1
onetrip,productos,detalle,43538,bariloche-ruta-de-la-cerveza,tipo,productos,1
onetrip,productos,detalle,43538,bariloche-ruta-de-la-cerveza,token,00000000-0000-0000-0000-000000000000&tipo,productos
onetrip,vuelos,resultados,COR,BRC,15-02-2021,22-02-2021,adultos
onetrip,vuelos,resultados,EZE,GIG,17-12-2020,22-12-2020,adultos
onetrip,vuelos,resultados,EZE,MDQ,31-12-2020,03-01-2021,adultos
onetriparguello,hoteles,resultados,7493,0,punta-cana-republica-dominicana,20-02-2021,27-02-2021
onetripcarlospaz,cotizador-offline,home,resultados,RIO,18-02-2021,25-02-2021,1
onetripcarlospaz,hoteles,resultados,1441,0,buzios-brasil,18-02-2021,25-02-2021
onetripcarlospaz,hoteles,resultados,1537,0,cancuncosta-mujeres-mexico,18-05-2021,25-05-2021
onetripcarlospaz,hoteles,resultados,7493,0,punta-cana-republica-dominicana,18-05-2021,25-05-2021
onetripcarlospaz,vuelos,resultados,BUE,PTY,CUN,PTY,CUN
onetripcarlospaz,vuelos,resultados,BUE,CUN,26-12-2020,03-02-2021,adultos
onetripcarlospaz,vuelos,resultados,BUE,CUN,26-12-2020,04-02-2021,adultos
onetripcarlospaz,vuelos,resultados,BUE,CUN,26-12-2020,06-02-2021,adultos
onetripcarlospaz,vuelos,resultados,BUE,CUN,26-12-2020,06-02-2021,adultos
onetripcarlospaz,vuelos,resultados,BUE,CUN,26-12-2020,09-02-2021,adultos
onetripcarlospaz,vuelos,resultados,BUE,CUN,26-12-2020,09-02-2021,adultos
onetripcarlospaz,vuelos,resultados,BUE,CUN,26-12-2020,12-02-2021,adultos
onetripcarlospaz,vuelos,resultados,BUE,CUN,26-12-2020,14-02-2021,adultos
onetripcarlospaz,vuelos,resultados,BUE,CUN,26-12-2020,17-02-2021,adultos
onetripcarlospaz,vuelos,resultados,BUE,CUN,26-12-2020,31-01-2021,adultos
onetripcarlospaz,vuelos,resultados,BUE,CUN,29-12-2020,17-02-2021,adultos
onetripcarlospaz,vuelos,resultados,BUE,PUJ,18-05-2021,25-05-2021,adultos
onetripcarlospaz,vuelos,resultados,COR,PTY,CUN,PTY,CUN
onetripcarlospaz,vuelos,resultados,COR,RIO,18-05-2021,25-05-2021,adultos
onetripfuerzaaerea,hoteles,detalle,624224,playa-del-carmenriviera-maya-mexico,02-03-2021,17-03-2021,1
onetripfuerzaaerea,productos,detalle,32765,cancun,1,1,00:01:09
onetriplasrosas,hoteles,resultados,1537,0,cancuncosta-mujeres-mexico,19-05-2022,26-05-2022
onetriplasrosas,hoteles,resultados,2577,0,el-calafate-argentina,01-11-2021,05-11-2021
onetriplasrosas,hoteles,resultados,5347,0,madrid-espaa,23-10-2021,29-10-2021
onetriplasrosas,hoteles,resultados,5972,0,montego-bay-jamaica,18-06-2022,25-06-2022
onetriplasrosas,hoteles,resultados,5972,0,montego-bay-jamaica,25-05-2022,01-06-2022
onetriplasrosas,hoteles,resultados,5972,0,montego-bay-jamaica,25-05-2022,01-06-2022
onetriplasrosas,hoteles,resultados,6336,0,negril-jamaica,25-05-2022,01-06-2022
onetriplasrosas,hoteles,resultados,6336,0,negril-jamaica,25-05-2022,01-06-2022
onetriplasrosas,hoteles,resultados,6627,0,ocho-rios-jamaica,25-05-2022,01-06-2022
onetriplasrosas,hoteles,resultados,6627,0,ocho-rios-jamaica,25-05-2022,01-06-2022
onetriplasrosas,hoteles,resultados,777,0,barcelona-espaa,18-10-2022,23-10-2022
onetriplasrosas,hoteles,resultados,8100,0,san-carlos-de-bariloche-argentina,01-11-2021,05-11-2021
onetriplasrosas,hoteles,resultados,8100,0,san-carlos-de-bariloche-argentina,28-10-2021,01-11-2021
onetriplasrosas,hoteles,resultados,9622,0,ushuaia-argentina,05-11-2021,07-11-2021
onetriplasrosas,vuelos,resultados,BUE,RIO,01-01-2021,02-01-2021,adultos
onetriplasrosas,vuelos,resultados,BUE,RIO,03-01-2021,10-01-2021,adultos
onetriplasrosas,vuelos,resultados,BUE,RIO,03-01-2021,12-01-2021,adultos
onetriplasrosas,vuelos,resultados,BUE,RIO,30-12-2020,04-01-2021,adultos
onetripurcacastrorimondino,cotizador-offline,home,resultados,MDZ,04-04-2021,08-04-2021,1
onetripurcacastrorimondino,cotizador-offline,home,resultados,MDZ,04-04-2021,08-04-2021,tipo
onetripurcacastrorimondino,productos,detalle,32989,mendoza-viedos,tipo,productos,1
oniriaserviciosturisticos,productos,detalle,32807,bariloche-clasico,tipo,productos,1
oniriaserviciosturisticos,vuelos,resultados,COR,BRC,05-02-2021,09-02-2021,adultos
oniriaserviciosturisticos,vuelos,resultados,COR,BRC,05-02-2021,09-02-2021,adultos
oniriaserviciosturisticos,vuelos,resultados,COR,BRC,05-02-2021,10-02-2021,adultos
oniriaserviciosturisticos,vuelos,resultados,COR,BRC,05-02-2021,11-02-2021,adultos
orembaeviajesyturismo,vuelos,resultados,BUE,MIA,LAX,MIA,LAX
orembaeviajesyturismo,vuelos,resultados,BUE,MIA,LAX,MIA,LAX
orembaeviajesyturismo,vuelos,resultados,BUE,CTG,03-03-2021,17-03-2021,adultos
orembaeviajesyturismo,vuelos,resultados,BUE,CTG,07-05-2021,14-05-2021,adultos
ortubiatravel,hoteles,resultados,10390,0,villa-carlos-paz-argentina,26-12-2020,02-01-2021
ortubiatravel,hoteles,resultados,10390,0,villa-carlos-paz-argentina,26-12-2020,02-01-2021
ortubiatravel,hoteles,resultados,5771,0,merlo-argentina,26-12-2020,02-01-2021
ortubiatravel,hoteles,resultados,5771,0,merlo-argentina,26-12-2020,02-01-2021
ortubiatravel,hoteles,resultados,7200,0,playa-del-carmenriviera-maya-mexico,06-05-2021,12-05-2021
ortubiatravel,hoteles,resultados,7200,0,playa-del-carmenriviera-maya-mexico,06-05-2021,12-05-2021
paralelo54,hoteles,resultados,6792,0,orlando-estados-unidos,15-03-2021,18-03-2021
paralelo54,hoteles,resultados,6792,0,orlando-estados-unidos,15-03-2021,18-03-2021
pelossotravel,vuelos,resultados,BUE,FLL,26-12-2020,01-02-2021,adultos
pelossotravel,vuelos,resultados,BUE,FLL,26-12-2020,01-02-2021,adultos
pelossotravel,vuelos,resultados,BUE,FLL,26-12-2020,01-02-2021,clase
pelossotravel,vuelos,resultados,BUE,FLL,27-12-2020,30-01-2021,clase
pelossotravel,vuelos,resultados,BUE,MIA,02-01-2021,30-01-2021,clase
pelossotravel,vuelos,resultados,BUE,MIA,06-01-2021,01-02-2021,clase
pelossotravel,vuelos,resultados,BUE,MIA,06-01-2021,30-01-2021,clase
pelossotravel,vuelos,resultados,BUE,MIA,24-12-2020,30-01-2021,clase
pelossotravel,vuelos,resultados,BUE,MIA,25-12-2020,29-01-2021,clase
pelossotravel,vuelos,resultados,BUE,MIA,27-12-2020,30-01-2021,clase
poluxtravel,hoteles,resultados,10390,0,villa-carlos-paz-argentina,12-02-2021,16-02-2021
poluxtravel,vuelos,resultados,COR,BRC,29-12-2020,03-01-2021,adultos
poluxtravel,vuelos,resultados,COR,BRC,30-12-2020,03-01-2021,adultos
poluxtravel,vuelos,resultados,COR,BRC,30-12-2020,03-01-2021,adultos
poluxtravel,vuelos,resultados,COR,BRC,31-12-2020,03-01-2021,adultos
poluxtravel,vuelos,resultados,COR,BRC,31-12-2020,03-01-2021,adultos
poluxtravel,vuelos,resultados,COR,EZE,30-12-2020,,adultos
poluxtravel,vuelos,resultados,COR,EZE,31-12-2020,,adultos
poluxtravel,vuelos,resultados,COR,EZE,31-12-2020,03-01-2021,adultos
pounamuviajes,hoteles,detalle,32774,varadero-cuba,09-01-2021,16-01-2021,1
pounamuviajes,hoteles,detalle,JP263583,san-andres-island-colombia,23-07-2021,30-07-2021,1
pounamuviajes,vuelos,resultados,BUE,CTG,ADZ,CTG,ADZ
pounamuviajes,vuelos,resultados,BUE,CTG,15-07-2021,28-07-2021,adultos
pounamuviajes,vuelos,resultados,BUE,CTG,18-07-2021,28-07-2021,adultos
pounamuviajes,vuelos,resultados,BUE,CTG,21-07-2021,31-07-2021,adultos
pymviajes,hoteles,resultados,7493,0,punta-cana-republica-dominicana,09-05-2021,19-05-2021
pymviajes,hoteles,resultados,7753,0,rio-de-janeiro-brasil,07-01-2021,16-01-2021
pymviajes,vuelos,resultados,EZE,CUN,04-02-2021,11-02-2021,adultos
pymviajes,vuelos,resultados,EZE,CUN,07-02-2021,14-02-2021,adultos
pymviajes,vuelos,resultados,EZE,PUJ,02-02-2021,09-02-2021,adultos
pymviajes,vuelos,resultados,EZE,PUJ,10-01-2021,15-01-2021,adultos
pymviajes,vuelos,resultados,EZE,PUJ,11-01-2021,18-01-2021,adultos
pymviajes,vuelos,resultados,EZE,PUJ,11-01-2021,18-01-2021,adultos
pymviajes,vuelos,resultados,EZE,PUJ,14-01-2021,21-01-2021,adultos
pymviajes,vuelos,resultados,EZE,PUJ,16-01-2021,23-01-2021,adultos
pymviajes,vuelos,resultados,MDZ,BRC,07-01-2021,12-01-2021,adultos
pymviajes,vuelos,resultados,MDZ,BRC,08-01-2021,12-01-2021,adultos
pymviajes,vuelos,resultados,MDZ,BRC,09-01-2021,14-01-2021,adultos
pymviajes,vuelos,resultados,MDZ,BRC,10-01-2021,15-01-2021,adultos
pymviajes,vuelos,resultados,MDZ,BRC,10-01-2021,15-01-2021,adultos
pymviajes,vuelos,resultados,MDZ,BRC,11-01-2021,15-01-2021,adultos
pymviajes,vuelos,resultados,MDZ,BRC,12-01-2021,17-01-2021,adultos
pymviajes,vuelos,resultados,MDZ,CUN,01-02-2021,08-02-2021,adultos
pymviajes,vuelos,resultados,MDZ,CUN,04-02-2021,11-02-2021,adultos
pymviajes,vuelos,resultados,MDZ,CUN,11-01-2021,15-01-2021,adultos
pymviajes,vuelos,resultados,MDZ,CUN,13-01-2021,17-01-2021,adultos
pymviajes,vuelos,resultados,MDZ,IGR,05-01-2021,09-01-2021,adultos
pymviajes,vuelos,resultados,MDZ,IGR,08-01-2021,12-01-2021,adultos
pymviajes,vuelos,resultados,MDZ,IGR,18-01-2021,25-01-2021,adultos
pymviajes,vuelos,resultados,MDZ,IGR,21-01-2021,28-01-2021,adultos
pymviajes,vuelos,resultados,MDZ,PSS,01-02-2021,08-02-2021,adultos
pymviajes,vuelos,resultados,MDZ,PSS,01-03-2021,08-03-2021,adultos
pymviajes,vuelos,resultados,MDZ,PSS,03-02-2021,09-02-2021,adultos
pymviajes,vuelos,resultados,MDZ,PSS,13-01-2021,17-01-2021,adultos
pymviajes,vuelos,resultados,MDZ,PSS,13-01-2021,17-01-2021,adultos
pymviajes,vuelos,resultados,MDZ,SSA,01-02-2021,08-02-2021,adultos
pymviajes,vuelos,resultados,MDZ,SSA,02-02-2021,09-02-2021,adultos
pymviajes,vuelos,resultados,MDZ,SSA,17-01-2021,24-01-2021,adultos
pymviajes,vuelos,resultados,MDZ,SSA,20-01-2021,27-01-2021,adultos
pymviajes,vuelos,resultados,MDZ,SSA,21-01-2021,28-01-2021,adultos
quimeratravelgroup,cotizador-offline,home,resultados,PUJ,29-07-2021,05-08-2021,1
quimeratravelgroup,hoteles,resultados,10346,0,bayahibe-republica-dominicana,29-07-2021,05-08-2021
quimeratravelgroup,hoteles,resultados,1537,0,cancuncosta-mujeres-mexico,22-05-2021,25-05-2021
quimeratravelgroup,hoteles,resultados,7200,0,playa-del-carmenriviera-maya-mexico,22-05-2021,03-06-2021
quinterosviajes,hoteles,resultados,7493,0,punta-cana-republica-dominicana,04-06-2021,11-06-2021
quinterosviajes,productos,detalle,32804,iguazu-clasico,tipo,productos,1
quinterosviajes,productos,detalle,32974,calafate-ushuaia,tipo,productos,1
quinterosviajes,vuelos,resultados,COR,CUN,08-06-2021,15-06-2021,adultos
quinterosviajes,vuelos,resultados,COR,CUN,11-05-2021,24-05-2021,adultos
quinterosviajes,vuelos,resultados,COR,CUN,16-04-2021,27-04-2021,adultos
quinterosviajes,vuelos,resultados,COR,CUN,16-06-2021,23-06-2021,adultos
radarviajes,hoteles,resultados,7200,0,playa-del-carmenriviera-maya-mexico,04-05-2021,11-05-2021
radarviajes,vuelos,resultados,SCL,CUN,04-05-2021,11-05-2021,adultos
radarviajes,vuelos,resultados,SCL,CUN,04-05-2021,11-05-2021,adultos
restecoperadormayorista,hoteles,resultados,9486,0,tulum-mexico,23-12-2020,08-01-2021
restecoperadormayorista,hoteles,resultados,9486,0,tulum-mexico,31-12-2020,16-01-2021
restecoperadormayorista,vuelos,resultados,BUE,CUN,22-12-2020,17-01-2021,adultos
restecoperadormayorista,vuelos,resultados,BUE,REC,01-02-2021,08-02-2021,adultos
restecoperadormayorista,vuelos,resultados,BUE,REC,01-02-2021,08-02-2021,adultos
restecoperadormayorista,vuelos,resultados,BUE,REC,01-02-2021,08-02-2021,adultos
restecoperadormayorista,vuelos,resultados,BUE,REC,01-02-2021,09-02-2021,adultos
restecoperadormayorista,vuelos,resultados,BUE,REC,31-01-2021,08-02-2021,adultos
restecoperadormayorista,vuelos,resultados,BUE,RIO,14-01-2021,22-01-2021,adultos
restecoperadormayorista,vuelos,resultados,BUE,RIO,15-01-2021,22-01-2021,adultos
restecoperadormayorista,vuelos,resultados,BUE,RIO,15-01-2021,22-01-2021,adultos
restecoperadormayorista,vuelos,resultados,BUE,RIO,30-01-2021,10-02-2021,adultos
restecoperadormayorista,vuelos,resultados,BUE,RIO,31-01-2021,12-02-2021,adultos
restecoperadormayorista,vuelos,resultados,BUE,RIO,31-01-2021,12-02-2021,adultos
restecoperadormayorista,vuelos,resultados,BUE,RIO,31-01-2021,12-02-2021,adultos
restecoperadormayorista,vuelos,resultados,ROS,CUN,13-03-2021,20-03-2021,adultos
restecoperadormayorista,vuelos,resultados,ROS,PUJ,13-03-2021,20-03-2021,adultos
ricautraveltourempresadeviajes,vuelos,resultados,MDQ,BUE,18-03-2021,23-03-2021,adultos
rispoli,hoteles,detalle,32086,salta-argentina,22-03-2021,29-03-2021,1
rispoli,hoteles,resultados,1537,0,cancuncosta-mujeres-mexico,25-01-2021,01-02-2021
rispoli,hoteles,resultados,5527,0,mar-del-plata-argentina,11-01-2021,18-01-2021
rispoli,hoteles,resultados,7493,0,punta-cana-republica-dominicana,11-07-2021,21-07-2021
royaltravel,hoteles,detalle,10545,havana-cuba,17-05-2021,21-05-2021,1
sanluistravel,cupos,resultados,desde,08-01-2021&hasta,08-01-2021&adultos,1,1
sawayturismo,vuelos,resultados,BUE,CUN,24-12-2020,07-01-2021,clase
sawayturismo,vuelos,resultados,BUE,CUN,24-12-2020,08-01-2021,clase
SelvaExtrema,cupos,resultados,desde,17-06-2021&hasta,17-06-2021&adultos,1,1
SelvaExtrema,vuelos,resultados,PSS,REL,29-09-2021,04-10-2021,adultos
serviciosaerocomercialessanluis,productos,detalle,32804,iguazu-clasico,tipo,productos,1
serviciosaerocomercialessanluis,vuelos,resultados,BUE,BOG,06-01-2021,13-05-2021,adultos
serviciosaerocomercialessanluis,vuelos,resultados,BUE,LUQ,02-02-2021,,adultos
serviciosaerocomercialessanluis,vuelos,resultados,BUE,LUQ,12-01-2021,21-01-2021,adultos
serviciosaerocomercialessanluis,vuelos,resultados,BUE,LUQ,12-01-2021,28-01-2021,adultos
serviciosaerocomercialessanluis,vuelos,resultados,COR,BUE,19-01-2021,,adultos
serviciosaerocomercialessanluis,vuelos,resultados,LUQ,BUE,07-01-2021,19-01-2021,adultos
serviciosaerocomercialessanluis,vuelos,resultados,LUQ,BUE,12-01-2021,,adultos
serviciosaerocomercialessanluis,vuelos,resultados,LUQ,BUE,12-01-2021,26-01-2021,adultos
serviciosaerocomercialessanluis,vuelos,resultados,LUQ,BUE,17-12-2020,,adultos
serviciosaerocomercialessanluis,vuelos,resultados,LUQ,BUE,31-01-2021,25-02-2021,adultos
serviciosaerocomercialessanluis,vuelos,resultados,LUQ,BUE,31-01-2021,26-02-2021,adultos
serviciosaerocomercialessanluis,vuelos,resultados,LUQ,BUE,31-12-2020,05-01-2021,adultos
serviciosaerocomercialessanluis,vuelos,resultados,LUQ,BUE,31-12-2020,26-01-2021,adultos
serviciosaerocomercialessanluis,vuelos,resultados,MDZ,BUE,04-12-2020,,adultos
serviciosaerocomercialessanluis,vuelos,resultados,MDZ,BUE,30-12-2020,03-01-2021,adultos
serviciosaerocomercialessanluis,vuelos,resultados,MDZ,BUE,31-12-2020,05-01-2021,adultos
serviciosaerocomercialessanluis,vuelos,resultados,SLA,MDZ,03-01-2021,07-02-2021,adultos
sevenstravel,hoteles,resultados,4080,0,joao-pessoa-brasil,18-01-2021,24-01-2021
sevenstravel,hoteles,resultados,7200,0,playa-del-carmenriviera-maya-mexico,02-01-2021,09-01-2021
siddarthaviajes,hoteles,resultados,9622,0,ushuaia-argentina,09-01-2021,15-01-2021
siddarthaviajes,vuelos,resultados,BUE,SLA,17-12-2020,,adultos
siddarthaviajes,vuelos,resultados,BUE,USH,04-01-2021,11-01-2021,adultos
siddarthaviajes,vuelos,resultados,BUE,YWG,02-03-2021,31-03-2021,adultos
siddarthaviajes,vuelos,resultados,BUE,YWG,14-07-2021,16-08-2021,adultos
siddarthaviajes,vuelos,resultados,BUE,YWG,14-07-2021,17-08-2021,adultos
siddarthaviajes,vuelos,resultados,BUE,YWG,15-07-2021,15-08-2021,adultos
siddarthaviajes,vuelos,resultados,BUE,YWG,22-07-2021,08-08-2021,adultos
siddarthaviajes,vuelos,resultados,SLA,BUE,08-03-2021,16-03-2021,adultos
siddarthaviajes,vuelos,resultados,SLA,BUE,13-01-2021,22-01-2021,adultos
siddarthaviajes,vuelos,resultados,SLA,BUE,19-01-2021,28-01-2021,adultos
siddarthaviajes,vuelos,resultados,SLA,BUE,19-01-2021,28-01-2021,adultos
siddarthaviajes,vuelos,resultados,SLA,BUE,19-01-2021,28-01-2021,adultos
siddarthaviajes,vuelos,resultados,SLA,BUE,20-01-2021,29-01-2021,adultos
siddarthaviajes,vuelos,resultados,SLA,BUE,22-01-2021,31-01-2021,adultos
siddarthaviajes,vuelos,resultados,SLA,COR,25-01-2021,01-02-2021,adultos
siddarthaviajes,vuelos,resultados,SLA,COR,27-01-2021,02-02-2021,adultos
siddarthaviajes,vuelos,resultados,SLA,COR,27-01-2021,04-02-2021,adultos
siddarthaviajes,vuelos,resultados,SLA,IGR,10-01-2021,17-01-2021,adultos
siddarthaviajes,vuelos,resultados,SLA,IGR,12-01-2021,20-01-2021,adultos
siddarthaviajes,vuelos,resultados,SLA,IGR,15-01-2021,23-01-2021,adultos
siddarthaviajes,vuelos,resultados,SLA,IGR,18-01-2021,25-01-2021,adultos
siddarthaviajes,vuelos,resultados,SLA,IGR,19-01-2021,27-01-2021,adultos
siddarthaviajes,vuelos,resultados,SLA,IGR,19-01-2021,28-01-2021,adultos
siddarthaviajes,vuelos,resultados,SLA,IGR,22-01-2021,27-01-2021,adultos
siddarthaviajes,vuelos,resultados,SLA,IGR,22-01-2021,30-01-2021,adultos
siddarthaviajes,vuelos,resultados,SLA,IGR,22-01-2021,30-01-2021,adultos
siddarthaviajes,vuelos,resultados,SLA,IGR,24-01-2021,31-01-2021,adultos
siddarthaviajes,vuelos,resultados,SLA,IGR,25-01-2021,01-02-2021,adultos
siddarthaviajes,vuelos,resultados,SLA,IGR,25-01-2021,27-01-2021,adultos
siddarthaviajes,vuelos,resultados,SLA,IGR,27-01-2021,30-01-2021,adultos
siddarthaviajes,vuelos,resultados,SLA,MDQ,28-03-2021,03-04-2021,adultos
siddarthaviajes,vuelos,resultados,SLA,MDQ,28-03-2021,04-04-2021,adultos
siddarthaviajes,vuelos,resultados,SLA,USH,02-01-2021,10-01-2021,adultos
siddarthaviajes,vuelos,resultados,SLA,USH,04-01-2021,11-01-2021,adultos
siddarthaviajes,vuelos,resultados,SLA,USH,06-01-2021,12-01-2021,adultos
siddarthaviajes,vuelos,resultados,SLA,USH,06-01-2021,14-01-2021,adultos
siddarthaviajes,vuelos,resultados,SLA,USH,07-01-2021,16-01-2021,adultos
siddarthaviajes,vuelos,resultados,SLA,USH,08-01-2021,16-01-2021,adultos
siddarthaviajes,vuelos,resultados,SLA,USH,08-01-2021,16-01-2021,adultos
siddarthaviajes,vuelos,resultados,SLA,USH,09-01-2021,16-01-2021,adultos
siddarthaviajes,vuelos,resultados,SLA,USH,24-12-2020,01-01-2021,adultos
sofiaevelynhernandoturismointernacional,hoteles,resultados,1369,0,buenos-aires-ar-argentina,02-05-2021,09-05-2021
sofiaevelynhernandoturismointernacional,vuelos,resultados,COR,CUN,18-03-2021,23-03-2021,adultos
sofiaevelynhernandoturismointernacional,vuelos,resultados,COR,CUN,18-03-2021,25-05-2021,adultos
sofiaevelynhernandoturismointernacional,vuelos,resultados,COR,CUN,18-03-2021,27-05-2021,adultos
sofiaevelynhernandoturismointernacional,vuelos,resultados,COR,CUN,29-03-2021,27-05-2021,adultos
sofiaevelynhernandoturismointernacional,vuelos,resultados,COR,CUN,31-03-2021,27-05-2021,adultos
sofiaevelynhernandoturismointernacional,vuelos,resultados,EZE,MIA,MIA,CUN,30-03-2021
sofiaevelynhernandoturismointernacional,vuelos,resultados,EZE,MIA,MIA,CUN,30-03-2021
sofiaevelynhernandoturismointernacional,vuelos,resultados,EZE,MIA,30-03-2021,26-05-2021,adultos
sofiaevelynhernandoturismointernacional,vuelos,resultados,MDQ,BUE,18-03-2021,23-03-2021,adultos
sofiaevelynhernandoturismointernacional,vuelos,resultados,MDQ,SLA,18-03-2021,23-03-2021,adultos
surbrasiltoursparaisosonline,hoteles,resultados,1537,0,cancuncosta-mujeres-mexico,07-01-2021,15-01-2021
swanturismo,hoteles,resultados,3930,0,isla-mujeres-mexico,09-01-2021,13-01-2021
tancacha,vuelos,resultados,BUE,MCZ,07-01-2021,17-01-2021,adultos
tancacha,vuelos,resultados,BUE,MCZ,10-01-2021,19-01-2021,adultos
tierrasygentes,vuelos,resultados,BUE,AGP,29-12-2020,27-01-2021,adultos
tierrasygentes,vuelos,resultados,BUE,MIA,15-12-2020,17-01-2021,adultos
tramuntana,hoteles,resultados,1612,0,cartagena-colombia,08-01-2021,15-01-2021
tramuntana,hoteles,resultados,1612,0,cartagena-colombia,20-05-2021,27-05-2021
tramuntana,vuelos,resultados,BUE,CTG,20-05-2021,27-05-2021,adultos
travelmarket,vuelos,resultados,BUE,CUN,MIA,BUE,30-12-2020
travelmarket,vuelos,resultados,BUE,CUN,26-02-2021,14-05-2021,adultos
travelmarket,vuelos,resultados,BUE,CUN,29-12-2020,15-01-2021,adultos
travelmarket,vuelos,resultados,BUE,MEX,25-02-2021,13-05-2021,adultos
travelmarket,vuelos,resultados,BUE,MEX,26-02-2021,14-05-2021,adultos
travelmarket,vuelos,resultados,BUE,MIA,29-12-2020,15-01-2021,adultos
travelmarket,vuelos,resultados,BUE,MIA,30-12-2020,07-01-2021,adultos
travelmarket,vuelos,resultados,BUE,MIA,30-12-2020,15-01-2021,adultos
travelmarket,vuelos,resultados,BUE,MIA,31-12-2020,15-01-2021,adultos
travelwise,hoteles,resultados,8100,0,san-carlos-de-bariloche-argentina,03-02-2021,13-02-2021
travelwise,hoteles,resultados,8100,0,san-carlos-de-bariloche-argentina,06-01-2021,16-01-2021
triglavviajes,vuelos,resultados,BUE,BRC,11-07-2021,18-07-2021,adultos
triglavviajes,vuelos,resultados,BUE,BRC,20-06-2021,27-06-2021,adultos
triglavviajes,vuelos,resultados,BUE,BRC,20-06-2021,27-06-2021,adultos
trivento,vuelos,resultados,BUE,PUJ,06-01-2021,13-01-2021,adultos
turismoestaciondelsol,vuelos,resultados,EZE,JUJ,23-12-2020,,adultos
turismoestaciondelsol,vuelos,resultados,MDZ,JUJ,22-12-2020,,adultos
turismoestaciondelsol,vuelos,resultados,MDZ,JUJ,23-12-2020,,adultos
turismoestaciondelsol,vuelos,resultados,MDZ,SLA,22-12-2020,,adultos
turismoestaciondelsol,vuelos,resultados,MDZ,SLA,23-12-2020,,adultos
turismomazza,hoteles,detalle,49718,toronto-canada,02-04-2021,07-04-2021,1
turismomazza,hoteles,resultados,6386,0,new-york-nueva-york-estados-unidos,25-03-2021,02-04-2021
turismomazza,hoteles,resultados,6386,0,new-york-nueva-york-estados-unidos,31-03-2021,08-04-2021
turismomazza,hoteles,resultados,9367,0,toronto-canada,31-05-2021,04-06-2021
turismooxigeno,productos,detalle,32765,cancun,tipo,productos,1
turismouniversal,hoteles,resultados,10350,0,porto-de-galinhas-brasil,02-05-2021,09-05-2021
turismouniversal,hoteles,resultados,10350,0,porto-de-galinhas-brasil,20-02-2021,27-02-2021
turismouniversal,hoteles,resultados,10365,0,angra-dos-reis-brasil,02-02-2021,09-02-2021
turismouniversal,hoteles,resultados,10365,0,angra-dos-reis-brasil,02-06-2021,09-06-2021
turismouniversal,hoteles,resultados,10379,0,cumbuco-brasil,02-02-2021,09-02-2021
turismouniversal,hoteles,resultados,10379,0,cumbuco-brasil,02-06-2021,09-06-2021
turismouniversal,hoteles,resultados,10387,0,costa-do-sauipe-brasil,02-02-2021,09-02-2021
turismouniversal,hoteles,resultados,10393,0,guarajuba-brasil,02-02-2021,09-02-2021
turismouniversal,hoteles,resultados,12438,0,cabo-de-santo-agostinho-brasil,02-06-2021,09-06-2021
turismouniversal,hoteles,resultados,12536,0,imbituba-brasil,02-02-2021,09-02-2021
turismouniversal,hoteles,resultados,1495,0,camaari-brasil,02-02-2021,09-02-2021
turismouniversal,hoteles,resultados,2811,0,fernando-de-noronha-brasil,02-02-2021,09-02-2021
turismouniversal,hoteles,resultados,2856,0,florianopolis-brasil,02-02-2021,09-02-2021
turismouniversal,hoteles,resultados,8070,0,salvador-brasil,02-02-2021,09-02-2021
viajelisto,hoteles,resultados,1537,0,cancuncosta-mujeres-mexico,30-05-2021,06-06-2021
viajelisto,hoteles,resultados,7200,0,playa-del-carmenriviera-maya-mexico,29-05-2021,05-06-2021
viajelisto,hoteles,resultados,7200,0,playa-del-carmenriviera-maya-mexico,30-05-2021,06-06-2021
viajelisto,vuelos,resultados,BUE,CUN,01-05-2021,08-05-2021,adultos
vorano,vuelos,resultados,BUE,PUJ,02-04-2021,12-04-2021,adultos
vuala,hoteles,detalle,90004867,el-calafate-argentina,02-05-2021,06-05-2021,1
vuala,hoteles,resultados,2577,0,el-calafate-argentina,02-05-2021,06-05-2021
vuala,vuelos,resultados,BUE,FTE,USH,FTE,USH
vuala,vuelos,resultados,BUE,FTE,USH,FTE,USH
vuala,vuelos,resultados,BUE,USH,FTE,USH,FTE
vuala,vuelos,resultados,BUE,FTE,01-05-2021,08-05-2021,adultos
vuala,vuelos,resultados,BUE,FTE,01-05-2021,09-05-2021,adultos
vuala,vuelos,resultados,BUE,FTE,02-05-2021,08-05-2021,adultos
vuala,vuelos,resultados,BUE,FTE,02-05-2021,09-05-2021,adultos
vuala,vuelos,resultados,BUE,FTE,03-05-2021,10-05-2021,adultos
xaluca,hoteles,resultados,6302,0,nassau-bahamas,03-03-2021,10-03-2021
yaztravelargentina,vuelos,resultados,BUE,IGR,15-02-2021,18-02-2021,adultos
yaztravelargentina,vuelos,resultados,BUE,IGR,15-02-2021,18-02-2021,adultos
yaztravelargentina,vuelos,resultados,BUE,IGR,16-02-2021,19-02-2021,adultos
zeruanviajes,hoteles,detalle,86417,milan-italia,04-09-2021,05-09-2021,1
zoluviajes,hoteles,resultados,7493,0,punta-cana-republica-dominicana,03-05-2021,10-05-2021
zoluviajes,hoteles,resultados,7493,0,punta-cana-republica-dominicana,11-05-2021,18-05-2021
zoluviajes,vuelos,resultados,BUE,PUJ,10-05-2021,18-05-2021,adultos
